transaction_id,date,branch_id,branch_name,kota,provinsi,rating_percabang,customer_name,product_id,product_name,actual_price,discount_percentage,gross_percentage,nett_sales,nett_profit,rating_transaksi
TRX2310835,15/03/2020,53644,Kimia Farma - Klinik & Apotek,Bima,Nusa Tenggara Barat,"4,8",Christian Ramirez,KF116,"Psycholeptics drugs, Hypnotics and sedatives drugs",251700,"0,06","0,2",251700,50340,"3,8"
TRX4677446,10/03/2022,62246,Kimia Farma - Klinik-Apotek-Laboratorium,Bima,Nusa Tenggara Barat,"4,5",David Frazier,KF116,"Psycholeptics drugs, Hypnotics and sedatives drugs",251700,"0,02","0,2",251700,50340,"3,8"
TRX1844840,24/06/2020,16331,Kimia Farma - Klinik & Apotek,Bima,Nusa Tenggara Barat,"4,5",Stephen Hicks,KF116,"Psycholeptics drugs, Hypnotics and sedatives drugs",251700,0,"0,2",251700,50340,"4,5"
TRX7325930,11/02/2022,35270,Kimia Farma - Klinik & Apotek,Bima,Nusa Tenggara Barat,5,Bradley Harrison,KF116,"Psycholeptics drugs, Hypnotics and sedatives drugs",251700,"0,07","0,2",251700,50340,"3,3"
TRX3049904,31/07/2022,16331,Kimia Farma - Klinik & Apotek,Bima,Nusa Tenggara Barat,"4,5",Thomas Mcdaniel,KF116,"Psycholeptics drugs, Hypnotics and sedatives drugs",251700,"0,15","0,2",251700,50340,"4,3"
TRX2897321,03/11/2020,99064,Kimia Farma - Klinik-Apotek-Laboratorium,Bima,Nusa Tenggara Barat,"4,3",Jennifer Bates,KF116,"Psycholeptics drugs, Hypnotics and sedatives drugs",251700,"0,06","0,2",251700,50340,"3,2"
TRX8883122,10/06/2023,62246,Kimia Farma - Klinik-Apotek-Laboratorium,Bima,Nusa Tenggara Barat,"4,5",Ricky Odonnell,KF116,"Psycholeptics drugs, Hypnotics and sedatives drugs",251700,"0,07","0,2",251700,50340,"3,9"
TRX2093345,07/04/2023,19867,Kimia Farma - Klinik & Apotek,Bima,Nusa Tenggara Barat,5,Thomas Le,KF116,"Psycholeptics drugs, Hypnotics and sedatives drugs",251700,"0,12","0,2",251700,50340,"4,8"
TRX8687280,30/07/2023,35270,Kimia Farma - Klinik & Apotek,Bima,Nusa Tenggara Barat,5,Thomas Thompson,KF116,"Psycholeptics drugs, Hypnotics and sedatives drugs",251700,0,"0,2",251700,50340,"4,1"
TRX3194618,29/10/2020,16331,Kimia Farma - Klinik & Apotek,Bima,Nusa Tenggara Barat,"4,5",Brandon Ewing,KF116,"Psycholeptics drugs, Hypnotics and sedatives drugs",251700,"0,1","0,2",251700,50340,"3,5"
TRX1556930,15/04/2023,19867,Kimia Farma - Klinik & Apotek,Bima,Nusa Tenggara Barat,5,Stephen Reid,KF116,"Psycholeptics drugs, Hypnotics and sedatives drugs",251700,"0,05","0,2",251700,50340,4
TRX1514344,24/04/2020,16331,Kimia Farma - Klinik & Apotek,Bima,Nusa Tenggara Barat,"4,5",Charles Campbell,KF116,"Psycholeptics drugs, Hypnotics and sedatives drugs",251700,"0,01","0,2",251700,50340,"4,4"
TRX1784659,24/12/2022,46468,Kimia Farma - Apotek,Bima,Nusa Tenggara Barat,"4,7",Steven White,KF116,"Psycholeptics drugs, Hypnotics and sedatives drugs",251700,"0,04","0,2",251700,50340,"3,1"
TRX7797230,14/12/2023,36121,Kimia Farma - Apotek,Bima,Nusa Tenggara Barat,"4,9",Brianna Hughes,KF116,"Psycholeptics drugs, Hypnotics and sedatives drugs",251700,"0,08","0,2",251700,50340,"4,1"
TRX3004048,15/08/2022,58323,Kimia Farma - Klinik & Apotek,Bima,Nusa Tenggara Barat,4,Shelley Mcdowell,KF116,"Psycholeptics drugs, Hypnotics and sedatives drugs",251700,"0,1","0,2",251700,50340,"4,6"
TRX4898938,19/08/2020,23248,Kimia Farma - Apotek,Bima,Nusa Tenggara Barat,"4,1",Harold Wise,KF116,"Psycholeptics drugs, Hypnotics and sedatives drugs",251700,"0,08","0,2",251700,50340,"3,1"
TRX5768340,26/03/2021,46468,Kimia Farma - Apotek,Bima,Nusa Tenggara Barat,"4,7",Heather Leon,KF116,"Psycholeptics drugs, Hypnotics and sedatives drugs",251700,"0,04","0,2",251700,50340,"4,5"
TRX9013173,31/07/2020,16331,Kimia Farma - Klinik & Apotek,Bima,Nusa Tenggara Barat,"4,5",Kevin Murphy,KF116,"Psycholeptics drugs, Hypnotics and sedatives drugs",251700,"0,02","0,2",251700,50340,5
TRX3736200,14/10/2022,58623,Kimia Farma - Klinik-Apotek-Laboratorium,Bima,Nusa Tenggara Barat,"4,4",Michael Choi,KF116,"Psycholeptics drugs, Hypnotics and sedatives drugs",251700,"0,06","0,2",251700,50340,5
TRX5715328,14/06/2020,53644,Kimia Farma - Klinik & Apotek,Bima,Nusa Tenggara Barat,"4,8",Justin Johnson,KF116,"Psycholeptics drugs, Hypnotics and sedatives drugs",251700,"0,15","0,2",251700,50340,"4,6"
TRX2036978,30/10/2020,58623,Kimia Farma - Klinik-Apotek-Laboratorium,Bima,Nusa Tenggara Barat,"4,4",Patrick Adams,KF116,"Psycholeptics drugs, Hypnotics and sedatives drugs",251700,"0,1","0,2",251700,50340,"4,4"
TRX4655401,06/04/2021,58623,Kimia Farma - Klinik-Apotek-Laboratorium,Bima,Nusa Tenggara Barat,"4,4",Kyle Harris,KF116,"Psycholeptics drugs, Hypnotics and sedatives drugs",251700,"0,05","0,2",251700,50340,"4,5"
TRX7796211,02/11/2022,32325,Kimia Farma - Apotek,Bima,Nusa Tenggara Barat,"4,4",Frank Parker,KF116,"Psycholeptics drugs, Hypnotics and sedatives drugs",251700,"0,15","0,2",251700,50340,"4,7"
TRX8376380,05/12/2022,85684,Kimia Farma - Klinik & Apotek,Bima,Nusa Tenggara Barat,"4,4",Laurie Olson,KF116,"Psycholeptics drugs, Hypnotics and sedatives drugs",251700,"0,03","0,2",251700,50340,"3,7"
TRX3178957,10/02/2020,64892,Kimia Farma - Klinik-Apotek-Laboratorium,Bima,Nusa Tenggara Barat,"4,9",Kimberly Graham,KF116,"Psycholeptics drugs, Hypnotics and sedatives drugs",251700,"0,06","0,2",251700,50340,"4,3"
TRX3739213,21/02/2022,99064,Kimia Farma - Klinik-Apotek-Laboratorium,Bima,Nusa Tenggara Barat,"4,3",Latoya Curtis,KF116,"Psycholeptics drugs, Hypnotics and sedatives drugs",251700,"0,02","0,2",251700,50340,"3,5"
TRX6890470,08/05/2023,36121,Kimia Farma - Apotek,Bima,Nusa Tenggara Barat,"4,9",Chelsea Bryant,KF116,"Psycholeptics drugs, Hypnotics and sedatives drugs",251700,"0,1","0,2",251700,50340,"3,9"
TRX3473732,05/11/2023,62246,Kimia Farma - Klinik-Apotek-Laboratorium,Bima,Nusa Tenggara Barat,"4,5",Dennis Shea,KF116,"Psycholeptics drugs, Hypnotics and sedatives drugs",251700,"0,07","0,2",251700,50340,"4,3"
TRX6184083,18/12/2020,71085,Kimia Farma - Klinik & Apotek,Bima,Nusa Tenggara Barat,"4,6",Kathleen Day,KF116,"Psycholeptics drugs, Hypnotics and sedatives drugs",251700,"0,01","0,2",251700,50340,"3,2"
TRX3225582,12/12/2022,64892,Kimia Farma - Klinik-Apotek-Laboratorium,Bima,Nusa Tenggara Barat,"4,9",Charles Kane,KF116,"Psycholeptics drugs, Hypnotics and sedatives drugs",251700,"0,1","0,2",251700,50340,"3,1"
TRX5287516,17/10/2023,42584,Kimia Farma - Klinik & Apotek,Bima,Nusa Tenggara Barat,"4,2",Laura Farmer,KF116,"Psycholeptics drugs, Hypnotics and sedatives drugs",251700,"0,06","0,2",251700,50340,"3,6"
TRX4145936,26/05/2023,58323,Kimia Farma - Klinik & Apotek,Bima,Nusa Tenggara Barat,4,Luis George,KF116,"Psycholeptics drugs, Hypnotics and sedatives drugs",251700,"0,09","0,2",251700,50340,"3,1"
TRX6183703,09/12/2022,58323,Kimia Farma - Klinik & Apotek,Bima,Nusa Tenggara Barat,4,Brian Hoover,KF116,"Psycholeptics drugs, Hypnotics and sedatives drugs",251700,"0,05","0,2",251700,50340,"3,7"
TRX9731231,05/01/2020,64892,Kimia Farma - Klinik-Apotek-Laboratorium,Bima,Nusa Tenggara Barat,"4,9",Susan Mendoza,KF116,"Psycholeptics drugs, Hypnotics and sedatives drugs",251700,"0,08","0,2",251700,50340,"3,3"
TRX4221069,22/07/2023,42584,Kimia Farma - Klinik & Apotek,Bima,Nusa Tenggara Barat,"4,2",Amanda Griffin,KF116,"Psycholeptics drugs, Hypnotics and sedatives drugs",251700,"0,01","0,2",251700,50340,"4,9"
TRX4430415,25/10/2022,58623,Kimia Farma - Klinik-Apotek-Laboratorium,Bima,Nusa Tenggara Barat,"4,4",Ashley Roberts,KF116,"Psycholeptics drugs, Hypnotics and sedatives drugs",251700,"0,03","0,2",251700,50340,"3,7"
TRX2835176,20/08/2021,36121,Kimia Farma - Apotek,Bima,Nusa Tenggara Barat,"4,9",Benjamin Hunter,KF116,"Psycholeptics drugs, Hypnotics and sedatives drugs",251700,"0,1","0,2",251700,50340,"3,4"
TRX6431699,03/03/2021,62246,Kimia Farma - Klinik-Apotek-Laboratorium,Bima,Nusa Tenggara Barat,"4,5",Kenneth Munoz,KF116,"Psycholeptics drugs, Hypnotics and sedatives drugs",251700,"0,06","0,2",251700,50340,"3,6"
TRX2916924,26/11/2022,58323,Kimia Farma - Klinik & Apotek,Bima,Nusa Tenggara Barat,4,Samantha Thomas,KF116,"Psycholeptics drugs, Hypnotics and sedatives drugs",251700,"0,01","0,2",251700,50340,"4,2"
TRX7509654,04/03/2021,42584,Kimia Farma - Klinik & Apotek,Bima,Nusa Tenggara Barat,"4,2",Kevin Rose,KF116,"Psycholeptics drugs, Hypnotics and sedatives drugs",251700,"0,15","0,2",251700,50340,"3,9"
TRX3110293,19/11/2021,58623,Kimia Farma - Klinik-Apotek-Laboratorium,Bima,Nusa Tenggara Barat,"4,4",Wendy Rodgers,KF116,"Psycholeptics drugs, Hypnotics and sedatives drugs",251700,"0,05","0,2",251700,50340,"3,4"
TRX1915427,29/01/2022,32325,Kimia Farma - Apotek,Bima,Nusa Tenggara Barat,"4,4",Tabitha Moore,KF116,"Psycholeptics drugs, Hypnotics and sedatives drugs",251700,"0,11","0,2",251700,50340,4
TRX6963040,15/10/2023,64892,Kimia Farma - Klinik-Apotek-Laboratorium,Bima,Nusa Tenggara Barat,"4,9",Megan Nguyen,KF116,"Psycholeptics drugs, Hypnotics and sedatives drugs",251700,0,"0,2",251700,50340,"3,4"
TRX1920841,23/05/2020,46468,Kimia Farma - Apotek,Bima,Nusa Tenggara Barat,"4,7",Alex Curtis,KF116,"Psycholeptics drugs, Hypnotics and sedatives drugs",251700,"0,13","0,2",251700,50340,"4,9"
TRX1576130,17/06/2023,23654,Kimia Farma - Klinik-Apotek-Laboratorium,Bima,Nusa Tenggara Barat,"4,7",Joe Wright,KF116,"Psycholeptics drugs, Hypnotics and sedatives drugs",251700,"0,08","0,2",251700,50340,"4,9"
TRX2419062,04/06/2021,37191,Kimia Farma - Apotek,Bima,Nusa Tenggara Barat,"3,9",Hunter Jensen,KF116,"Psycholeptics drugs, Hypnotics and sedatives drugs",251700,"0,04","0,2",251700,50340,"3,9"
TRX8321193,27/07/2023,36121,Kimia Farma - Apotek,Bima,Nusa Tenggara Barat,"4,9",Amber Johnson,KF116,"Psycholeptics drugs, Hypnotics and sedatives drugs",251700,"0,12","0,2",251700,50340,"4,1"
TRX2506904,30/12/2023,62246,Kimia Farma - Klinik-Apotek-Laboratorium,Bima,Nusa Tenggara Barat,"4,5",Robert Garza,KF116,"Psycholeptics drugs, Hypnotics and sedatives drugs",251700,"0,03","0,2",251700,50340,"4,4"
TRX3737754,13/07/2023,62246,Kimia Farma - Klinik-Apotek-Laboratorium,Bima,Nusa Tenggara Barat,"4,5",Amanda Meadows,KF116,"Psycholeptics drugs, Hypnotics and sedatives drugs",251700,"0,11","0,2",251700,50340,4
TRX8959687,18/06/2023,64892,Kimia Farma - Klinik-Apotek-Laboratorium,Bima,Nusa Tenggara Barat,"4,9",Emily Boyle,KF116,"Psycholeptics drugs, Hypnotics and sedatives drugs",251700,"0,1","0,2",251700,50340,"4,4"
TRX8024558,12/06/2020,85684,Kimia Farma - Klinik & Apotek,Bima,Nusa Tenggara Barat,"4,4",Ian Meyers,KF116,"Psycholeptics drugs, Hypnotics and sedatives drugs",251700,"0,03","0,2",251700,50340,"3,4"
TRX4965812,18/07/2023,99064,Kimia Farma - Klinik-Apotek-Laboratorium,Bima,Nusa Tenggara Barat,"4,3",Lauren Rangel,KF116,"Psycholeptics drugs, Hypnotics and sedatives drugs",251700,"0,01","0,2",251700,50340,3
TRX4268002,05/01/2021,53644,Kimia Farma - Klinik & Apotek,Bima,Nusa Tenggara Barat,"4,8",Amber Gill,KF116,"Psycholeptics drugs, Hypnotics and sedatives drugs",251700,"0,07","0,2",251700,50340,"4,5"
TRX1758055,14/07/2023,53644,Kimia Farma - Klinik & Apotek,Bima,Nusa Tenggara Barat,"4,8",Timothy Terry,KF116,"Psycholeptics drugs, Hypnotics and sedatives drugs",251700,"0,06","0,2",251700,50340,"4,6"
TRX1999955,18/06/2021,46468,Kimia Farma - Apotek,Bima,Nusa Tenggara Barat,"4,7",Charles Sims,KF132,"Psycholeptics drugs, Hypnotics and sedatives drugs",6400,"0,03","0,1",6400,640,"3,5"
TRX2264582,22/06/2021,46468,Kimia Farma - Apotek,Bima,Nusa Tenggara Barat,"4,7",Kristy Conway,KF132,"Psycholeptics drugs, Hypnotics and sedatives drugs",6400,"0,08","0,1",6400,640,"3,5"
TRX8808913,11/02/2023,37191,Kimia Farma - Apotek,Bima,Nusa Tenggara Barat,"3,9",Stephen Kline,KF132,"Psycholeptics drugs, Hypnotics and sedatives drugs",6400,0,"0,1",6400,640,"3,2"
TRX3379402,02/05/2022,71085,Kimia Farma - Klinik & Apotek,Bima,Nusa Tenggara Barat,"4,6",Michael Thompson,KF132,"Psycholeptics drugs, Hypnotics and sedatives drugs",6400,"0,07","0,1",6400,640,"4,2"
TRX8824220,05/05/2020,16331,Kimia Farma - Klinik & Apotek,Bima,Nusa Tenggara Barat,"4,5",Anthony Peterson,KF132,"Psycholeptics drugs, Hypnotics and sedatives drugs",6400,0,"0,1",6400,640,"3,5"
TRX6128672,21/07/2021,16331,Kimia Farma - Klinik & Apotek,Bima,Nusa Tenggara Barat,"4,5",Brandon Barton,KF132,"Psycholeptics drugs, Hypnotics and sedatives drugs",6400,"0,04","0,1",6400,640,4
TRX4827880,07/09/2021,64892,Kimia Farma - Klinik-Apotek-Laboratorium,Bima,Nusa Tenggara Barat,"4,9",Jennifer Galloway,KF132,"Psycholeptics drugs, Hypnotics and sedatives drugs",6400,"0,14","0,1",6400,640,"4,6"
TRX6760502,19/11/2020,46468,Kimia Farma - Apotek,Bima,Nusa Tenggara Barat,"4,7",James Williams,KF132,"Psycholeptics drugs, Hypnotics and sedatives drugs",6400,"0,1","0,1",6400,640,"3,8"
TRX2942341,31/07/2023,32325,Kimia Farma - Apotek,Bima,Nusa Tenggara Barat,"4,4",John Powell,KF132,"Psycholeptics drugs, Hypnotics and sedatives drugs",6400,"0,04","0,1",6400,640,"3,7"
TRX9255718,03/10/2020,53644,Kimia Farma - Klinik & Apotek,Bima,Nusa Tenggara Barat,"4,8",William Henderson,KF132,"Psycholeptics drugs, Hypnotics and sedatives drugs",6400,"0,05","0,1",6400,640,"4,4"
TRX3450697,22/05/2020,37191,Kimia Farma - Apotek,Bima,Nusa Tenggara Barat,"3,9",Steven Mccarty,KF132,"Psycholeptics drugs, Hypnotics and sedatives drugs",6400,"0,07","0,1",6400,640,"3,1"
TRX1489527,23/01/2021,16331,Kimia Farma - Klinik & Apotek,Bima,Nusa Tenggara Barat,"4,5",Robert Dillon,KF132,"Psycholeptics drugs, Hypnotics and sedatives drugs",6400,"0,11","0,1",6400,640,"4,6"
TRX6795511,20/11/2023,83104,Kimia Farma - Klinik & Apotek,Bima,Nusa Tenggara Barat,5,Tracie Davenport,KF132,"Psycholeptics drugs, Hypnotics and sedatives drugs",6400,"0,09","0,1",6400,640,"4,4"
TRX1024472,27/04/2022,62246,Kimia Farma - Klinik-Apotek-Laboratorium,Bima,Nusa Tenggara Barat,"4,5",Kristy Rowe,KF132,"Psycholeptics drugs, Hypnotics and sedatives drugs",6400,"0,09","0,1",6400,640,"3,7"
TRX8900845,08/01/2020,71085,Kimia Farma - Klinik & Apotek,Bima,Nusa Tenggara Barat,"4,6",Betty Bernard,KF132,"Psycholeptics drugs, Hypnotics and sedatives drugs",6400,"0,11","0,1",6400,640,"4,3"
TRX9595442,22/11/2021,81810,Kimia Farma - Klinik & Apotek,Bima,Nusa Tenggara Barat,"4,4",Brittany Hubbard,KF132,"Psycholeptics drugs, Hypnotics and sedatives drugs",6400,"0,13","0,1",6400,640,3
TRX8011283,29/05/2021,19867,Kimia Farma - Klinik & Apotek,Bima,Nusa Tenggara Barat,5,Kevin Schroeder,KF132,"Psycholeptics drugs, Hypnotics and sedatives drugs",6400,"0,01","0,1",6400,640,"3,2"
TRX2112608,04/02/2023,32325,Kimia Farma - Apotek,Bima,Nusa Tenggara Barat,"4,4",Joseph Harrell,KF132,"Psycholeptics drugs, Hypnotics and sedatives drugs",6400,"0,13","0,1",6400,640,"3,6"
TRX3521602,04/07/2023,42584,Kimia Farma - Klinik & Apotek,Bima,Nusa Tenggara Barat,"4,2",Colin Johnson,KF132,"Psycholeptics drugs, Hypnotics and sedatives drugs",6400,0,"0,1",6400,640,3
TRX5345812,26/11/2020,35270,Kimia Farma - Klinik & Apotek,Bima,Nusa Tenggara Barat,5,Rebecca Brock,KF132,"Psycholeptics drugs, Hypnotics and sedatives drugs",6400,"0,07","0,1",6400,640,"4,2"
TRX3503728,05/03/2020,35270,Kimia Farma - Klinik & Apotek,Bima,Nusa Tenggara Barat,5,Sean Osborne,KF132,"Psycholeptics drugs, Hypnotics and sedatives drugs",6400,"0,11","0,1",6400,640,"3,4"
TRX6630462,25/11/2020,23248,Kimia Farma - Apotek,Bima,Nusa Tenggara Barat,"4,1",David Carlson,KF132,"Psycholeptics drugs, Hypnotics and sedatives drugs",6400,"0,08","0,1",6400,640,"4,6"
TRX5434998,05/08/2020,58323,Kimia Farma - Klinik & Apotek,Bima,Nusa Tenggara Barat,4,Samuel Martinez,KF132,"Psycholeptics drugs, Hypnotics and sedatives drugs",6400,"0,02","0,1",6400,640,"3,5"
TRX4197822,05/07/2020,58623,Kimia Farma - Klinik-Apotek-Laboratorium,Bima,Nusa Tenggara Barat,"4,4",Corey Brown,KF132,"Psycholeptics drugs, Hypnotics and sedatives drugs",6400,"0,03","0,1",6400,640,"4,5"
TRX1749837,19/02/2023,46468,Kimia Farma - Apotek,Bima,Nusa Tenggara Barat,"4,7",Gwendolyn Hudson,KF132,"Psycholeptics drugs, Hypnotics and sedatives drugs",6400,"0,14","0,1",6400,640,"4,9"
TRX8138915,04/10/2023,16331,Kimia Farma - Klinik & Apotek,Bima,Nusa Tenggara Barat,"4,5",Emily Stuart,KF132,"Psycholeptics drugs, Hypnotics and sedatives drugs",6400,"0,08","0,1",6400,640,"4,3"
TRX2688196,26/04/2022,46468,Kimia Farma - Apotek,Bima,Nusa Tenggara Barat,"4,7",Kimberly Brown,KF132,"Psycholeptics drugs, Hypnotics and sedatives drugs",6400,"0,14","0,1",6400,640,"4,9"
TRX3998081,12/08/2022,23654,Kimia Farma - Klinik-Apotek-Laboratorium,Bima,Nusa Tenggara Barat,"4,7",Scott Dunn,KF132,"Psycholeptics drugs, Hypnotics and sedatives drugs",6400,"0,08","0,1",6400,640,"3,3"
TRX3663528,03/04/2020,36121,Kimia Farma - Apotek,Bima,Nusa Tenggara Barat,"4,9",Courtney Adams,KF132,"Psycholeptics drugs, Hypnotics and sedatives drugs",6400,"0,04","0,1",6400,640,"4,5"
TRX1068124,08/10/2021,32325,Kimia Farma - Apotek,Bima,Nusa Tenggara Barat,"4,4",Angela Bush,KF132,"Psycholeptics drugs, Hypnotics and sedatives drugs",6400,"0,09","0,1",6400,640,"4,8"
TRX2486577,22/09/2020,35270,Kimia Farma - Klinik & Apotek,Bima,Nusa Tenggara Barat,5,Sabrina Kelly,KF132,"Psycholeptics drugs, Hypnotics and sedatives drugs",6400,"0,05","0,1",6400,640,"4,5"
TRX5103372,04/06/2020,37191,Kimia Farma - Apotek,Bima,Nusa Tenggara Barat,"3,9",William Hardin,KF132,"Psycholeptics drugs, Hypnotics and sedatives drugs",6400,"0,14","0,1",6400,640,"3,9"
TRX9312986,24/09/2022,46468,Kimia Farma - Apotek,Bima,Nusa Tenggara Barat,"4,7",Janet Alexander MD,KF132,"Psycholeptics drugs, Hypnotics and sedatives drugs",6400,"0,07","0,1",6400,640,"4,9"
TRX4390413,09/06/2023,36121,Kimia Farma - Apotek,Bima,Nusa Tenggara Barat,"4,9",Michelle Payne,KF132,"Psycholeptics drugs, Hypnotics and sedatives drugs",6400,"0,02","0,1",6400,640,"4,7"
TRX1780324,06/06/2022,53644,Kimia Farma - Klinik & Apotek,Bima,Nusa Tenggara Barat,"4,8",Robert Shepherd,KF132,"Psycholeptics drugs, Hypnotics and sedatives drugs",6400,"0,03","0,1",6400,640,"4,9"
TRX3806397,26/03/2022,71085,Kimia Farma - Klinik & Apotek,Bima,Nusa Tenggara Barat,"4,6",Destiny Snyder,KF132,"Psycholeptics drugs, Hypnotics and sedatives drugs",6400,"0,05","0,1",6400,640,"4,4"
TRX2602869,05/03/2021,58623,Kimia Farma - Klinik-Apotek-Laboratorium,Bima,Nusa Tenggara Barat,"4,4",Steven Gay,KF132,"Psycholeptics drugs, Hypnotics and sedatives drugs",6400,"0,14","0,1",6400,640,"4,9"
TRX3028473,20/01/2023,81810,Kimia Farma - Klinik & Apotek,Bima,Nusa Tenggara Barat,"4,4",Ryan Travis,KF132,"Psycholeptics drugs, Hypnotics and sedatives drugs",6400,"0,04","0,1",6400,640,"4,8"
TRX9329568,30/01/2021,58323,Kimia Farma - Klinik & Apotek,Bima,Nusa Tenggara Barat,4,Ashley Lindsey,KF132,"Psycholeptics drugs, Hypnotics and sedatives drugs",6400,"0,13","0,1",6400,640,"4,7"
TRX9150797,24/09/2023,32325,Kimia Farma - Apotek,Bima,Nusa Tenggara Barat,"4,4",Cassandra Calderon,KF132,"Psycholeptics drugs, Hypnotics and sedatives drugs",6400,"0,13","0,1",6400,640,"4,3"
TRX5196543,31/08/2022,71085,Kimia Farma - Klinik & Apotek,Bima,Nusa Tenggara Barat,"4,6",Gregory Frazier,KF132,"Psycholeptics drugs, Hypnotics and sedatives drugs",6400,"0,03","0,1",6400,640,"3,3"
TRX9777355,16/11/2021,85684,Kimia Farma - Klinik & Apotek,Bima,Nusa Tenggara Barat,"4,4",Bryan Ellison,KF132,"Psycholeptics drugs, Hypnotics and sedatives drugs",6400,"0,14","0,1",6400,640,"4,3"
TRX7787000,15/10/2022,35270,Kimia Farma - Klinik & Apotek,Bima,Nusa Tenggara Barat,5,Monica Chambers,KF132,"Psycholeptics drugs, Hypnotics and sedatives drugs",6400,"0,03","0,1",6400,640,"3,6"
TRX8265511,20/11/2023,83104,Kimia Farma - Klinik & Apotek,Bima,Nusa Tenggara Barat,5,Rachel Pollard,KF132,"Psycholeptics drugs, Hypnotics and sedatives drugs",6400,"0,11","0,1",6400,640,"4,8"
TRX9946332,21/05/2023,81810,Kimia Farma - Klinik & Apotek,Bima,Nusa Tenggara Barat,"4,4",Victoria Sharp,KF132,"Psycholeptics drugs, Hypnotics and sedatives drugs",6400,"0,06","0,1",6400,640,"3,8"
TRX8131880,25/12/2020,62246,Kimia Farma - Klinik-Apotek-Laboratorium,Bima,Nusa Tenggara Barat,"4,5",Danielle Jensen,KF132,"Psycholeptics drugs, Hypnotics and sedatives drugs",6400,"0,09","0,1",6400,640,"3,6"
TRX3574795,11/09/2023,62246,Kimia Farma - Klinik-Apotek-Laboratorium,Bima,Nusa Tenggara Barat,"4,5",Savannah Mccann,KF132,"Psycholeptics drugs, Hypnotics and sedatives drugs",6400,"0,12","0,1",6400,640,"4,3"
TRX3346179,05/01/2022,58623,Kimia Farma - Klinik-Apotek-Laboratorium,Bima,Nusa Tenggara Barat,"4,4",Keith Bell,KF132,"Psycholeptics drugs, Hypnotics and sedatives drugs",6400,"0,02","0,1",6400,640,"4,6"
TRX2383808,07/11/2021,37191,Kimia Farma - Apotek,Bima,Nusa Tenggara Barat,"3,9",Maria Miller,KF132,"Psycholeptics drugs, Hypnotics and sedatives drugs",6400,"0,07","0,1",6400,640,"4,7"
TRX1217724,18/06/2020,16331,Kimia Farma - Klinik & Apotek,Bima,Nusa Tenggara Barat,"4,5",Dakota Johnson,KF132,"Psycholeptics drugs, Hypnotics and sedatives drugs",6400,"0,01","0,1",6400,640,"3,3"
TRX6743681,10/12/2023,42584,Kimia Farma - Klinik & Apotek,Bima,Nusa Tenggara Barat,"4,2",Blake Lopez,KF132,"Psycholeptics drugs, Hypnotics and sedatives drugs",6400,"0,01","0,1",6400,640,3
TRX1690583,13/07/2021,53644,Kimia Farma - Klinik & Apotek,Bima,Nusa Tenggara Barat,"4,8",David Johnson,KF132,"Psycholeptics drugs, Hypnotics and sedatives drugs",6400,"0,03","0,1",6400,640,"3,6"
TRX3870036,14/08/2023,83104,Kimia Farma - Klinik & Apotek,Bima,Nusa Tenggara Barat,5,Robert Jackson,KF132,"Psycholeptics drugs, Hypnotics and sedatives drugs",6400,"0,06","0,1",6400,640,"3,5"
TRX1115833,09/09/2021,19867,Kimia Farma - Klinik & Apotek,Bima,Nusa Tenggara Barat,5,Amber Curry,KF132,"Psycholeptics drugs, Hypnotics and sedatives drugs",6400,"0,14","0,1",6400,640,"4,1"
TRX2252704,12/03/2020,35270,Kimia Farma - Klinik & Apotek,Bima,Nusa Tenggara Barat,5,James Ramos,KF132,"Psycholeptics drugs, Hypnotics and sedatives drugs",6400,"0,13","0,1",6400,640,4
TRX2067636,04/03/2021,64892,Kimia Farma - Klinik-Apotek-Laboratorium,Bima,Nusa Tenggara Barat,"4,9",Derek Hill,KF134,Antihistamines for systemic use,832800,"0,1","0,3",832800,249840,"4,5"
TRX7820421,29/12/2021,36121,Kimia Farma - Apotek,Bima,Nusa Tenggara Barat,"4,9",Taylor Lopez,KF134,Antihistamines for systemic use,832800,"0,14","0,3",832800,249840,5
TRX4181222,25/09/2021,23248,Kimia Farma - Apotek,Bima,Nusa Tenggara Barat,"4,1",Julia Michael,KF134,Antihistamines for systemic use,832800,"0,06","0,3",832800,249840,"4,3"
TRX6443055,15/06/2021,71085,Kimia Farma - Klinik & Apotek,Bima,Nusa Tenggara Barat,"4,6",Debra Bailey,KF134,Antihistamines for systemic use,832800,"0,06","0,3",832800,249840,"4,8"
TRX6114237,23/02/2021,58323,Kimia Farma - Klinik & Apotek,Bima,Nusa Tenggara Barat,4,Dale Williams,KF134,Antihistamines for systemic use,832800,"0,06","0,3",832800,249840,"3,2"
TRX8978530,22/09/2021,19867,Kimia Farma - Klinik & Apotek,Bima,Nusa Tenggara Barat,5,John Payne,KF134,Antihistamines for systemic use,832800,"0,07","0,3",832800,249840,"3,3"
TRX3052700,27/05/2021,99064,Kimia Farma - Klinik-Apotek-Laboratorium,Bima,Nusa Tenggara Barat,"4,3",Ryan Campbell,KF134,Antihistamines for systemic use,832800,"0,1","0,3",832800,249840,"4,4"
TRX2890753,10/09/2023,35270,Kimia Farma - Klinik & Apotek,Bima,Nusa Tenggara Barat,5,Patricia Ramsey,KF134,Antihistamines for systemic use,832800,"0,02","0,3",832800,249840,"4,1"
TRX8838162,11/08/2020,36121,Kimia Farma - Apotek,Bima,Nusa Tenggara Barat,"4,9",Victor Owens,KF134,Antihistamines for systemic use,832800,"0,09","0,3",832800,249840,"3,7"
TRX7590880,14/04/2021,58323,Kimia Farma - Klinik & Apotek,Bima,Nusa Tenggara Barat,4,Samuel Wall,KF134,Antihistamines for systemic use,832800,"0,03","0,3",832800,249840,"3,6"
TRX1321518,28/11/2020,85684,Kimia Farma - Klinik & Apotek,Bima,Nusa Tenggara Barat,"4,4",Kimberly Taylor,KF134,Antihistamines for systemic use,832800,"0,03","0,3",832800,249840,4
TRX3427429,02/12/2022,16331,Kimia Farma - Klinik & Apotek,Bima,Nusa Tenggara Barat,"4,5",Michael Patterson,KF134,Antihistamines for systemic use,832800,0,"0,3",832800,249840,"4,2"
TRX5675466,26/05/2023,36121,Kimia Farma - Apotek,Bima,Nusa Tenggara Barat,"4,9",Matthew Carpenter,KF134,Antihistamines for systemic use,832800,"0,13","0,3",832800,249840,"3,8"
TRX8705268,08/09/2020,35270,Kimia Farma - Klinik & Apotek,Bima,Nusa Tenggara Barat,5,Mark Fisher,KF134,Antihistamines for systemic use,832800,"0,11","0,3",832800,249840,"4,8"
TRX7079135,19/05/2021,64892,Kimia Farma - Klinik-Apotek-Laboratorium,Bima,Nusa Tenggara Barat,"4,9",Michael Thompson,KF134,Antihistamines for systemic use,832800,"0,05","0,3",832800,249840,"4,1"
TRX5285416,28/03/2022,83104,Kimia Farma - Klinik & Apotek,Bima,Nusa Tenggara Barat,5,Timothy Wright,KF134,Antihistamines for systemic use,832800,"0,02","0,3",832800,249840,"4,5"
TRX4017490,28/10/2020,23248,Kimia Farma - Apotek,Bima,Nusa Tenggara Barat,"4,1",Nancy Johnson,KF134,Antihistamines for systemic use,832800,"0,07","0,3",832800,249840,"4,8"
TRX3055260,16/11/2020,32325,Kimia Farma - Apotek,Bima,Nusa Tenggara Barat,"4,4",Richard Sutton,KF134,Antihistamines for systemic use,832800,"0,01","0,3",832800,249840,"4,2"
TRX5587067,25/02/2021,58623,Kimia Farma - Klinik-Apotek-Laboratorium,Bima,Nusa Tenggara Barat,"4,4",Heather Cruz,KF134,Antihistamines for systemic use,832800,0,"0,3",832800,249840,"3,5"
TRX3451895,14/11/2022,36121,Kimia Farma - Apotek,Bima,Nusa Tenggara Barat,"4,9",Scott Henry,KF134,Antihistamines for systemic use,832800,"0,04","0,3",832800,249840,"3,3"
TRX8818210,08/04/2020,35270,Kimia Farma - Klinik & Apotek,Bima,Nusa Tenggara Barat,5,Amanda Peterson,KF134,Antihistamines for systemic use,832800,"0,09","0,3",832800,249840,"4,1"
TRX5220741,16/08/2022,37191,Kimia Farma - Apotek,Bima,Nusa Tenggara Barat,"3,9",Jason Bell,KF134,Antihistamines for systemic use,832800,"0,03","0,3",832800,249840,5
TRX3786088,05/07/2023,81810,Kimia Farma - Klinik & Apotek,Bima,Nusa Tenggara Barat,"4,4",Chad Holmes,KF134,Antihistamines for systemic use,832800,"0,08","0,3",832800,249840,"3,2"
TRX4786419,07/09/2020,23248,Kimia Farma - Apotek,Bima,Nusa Tenggara Barat,"4,1",Justin Bennett,KF134,Antihistamines for systemic use,832800,"0,08","0,3",832800,249840,"3,6"
TRX3532108,07/08/2022,71085,Kimia Farma - Klinik & Apotek,Bima,Nusa Tenggara Barat,"4,6",Todd Graham,KF134,Antihistamines for systemic use,832800,"0,05","0,3",832800,249840,"4,5"
TRX2833496,18/11/2022,81810,Kimia Farma - Klinik & Apotek,Bima,Nusa Tenggara Barat,"4,4",Austin Marshall,KF134,Antihistamines for systemic use,832800,"0,1","0,3",832800,249840,"3,8"
TRX7128417,16/11/2021,36121,Kimia Farma - Apotek,Bima,Nusa Tenggara Barat,"4,9",Michael Baldwin,KF134,Antihistamines for systemic use,832800,"0,06","0,3",832800,249840,"3,1"
TRX8887868,15/04/2021,46468,Kimia Farma - Apotek,Bima,Nusa Tenggara Barat,"4,7",Monica Roach,KF134,Antihistamines for systemic use,832800,"0,05","0,3",832800,249840,4
TRX3711185,16/02/2022,62246,Kimia Farma - Klinik-Apotek-Laboratorium,Bima,Nusa Tenggara Barat,"4,5",Matthew Valencia,KF134,Antihistamines for systemic use,832800,"0,06","0,3",832800,249840,"4,5"
TRX1053227,21/11/2021,36121,Kimia Farma - Apotek,Bima,Nusa Tenggara Barat,"4,9",Elizabeth Davidson,KF134,Antihistamines for systemic use,832800,"0,08","0,3",832800,249840,"3,3"
TRX9097374,12/05/2023,53644,Kimia Farma - Klinik & Apotek,Bima,Nusa Tenggara Barat,"4,8",Hunter Smith,KF134,Antihistamines for systemic use,832800,"0,1","0,3",832800,249840,"4,4"
TRX1014262,12/06/2020,23248,Kimia Farma - Apotek,Bima,Nusa Tenggara Barat,"4,1",Morgan Davis,KF134,Antihistamines for systemic use,832800,"0,05","0,3",832800,249840,3
TRX1531201,03/02/2022,83104,Kimia Farma - Klinik & Apotek,Bima,Nusa Tenggara Barat,5,Ashley Lewis,KF134,Antihistamines for systemic use,832800,"0,09","0,3",832800,249840,"3,7"
TRX8044883,12/02/2023,23654,Kimia Farma - Klinik-Apotek-Laboratorium,Bima,Nusa Tenggara Barat,"4,7",Justin Pearson,KF134,Antihistamines for systemic use,832800,"0,14","0,3",832800,249840,"3,7"
TRX1641117,10/11/2020,58323,Kimia Farma - Klinik & Apotek,Bima,Nusa Tenggara Barat,4,Samuel Smith,KF134,Antihistamines for systemic use,832800,"0,07","0,3",832800,249840,"4,6"
TRX2003708,15/07/2022,53644,Kimia Farma - Klinik & Apotek,Bima,Nusa Tenggara Barat,"4,8",Tina Lang,KF134,Antihistamines for systemic use,832800,"0,1","0,3",832800,249840,"4,5"
TRX9409104,01/10/2023,83104,Kimia Farma - Klinik & Apotek,Bima,Nusa Tenggara Barat,5,Barbara Torres,KF134,Antihistamines for systemic use,832800,"0,09","0,3",832800,249840,"3,9"
TRX7556613,24/04/2020,23654,Kimia Farma - Klinik-Apotek-Laboratorium,Bima,Nusa Tenggara Barat,"4,7",Nicole Rodriguez,KF134,Antihistamines for systemic use,832800,"0,04","0,3",832800,249840,"4,9"
TRX6384399,01/09/2023,53644,Kimia Farma - Klinik & Apotek,Bima,Nusa Tenggara Barat,"4,8",Julie Mccoy,KF134,Antihistamines for systemic use,832800,"0,12","0,3",832800,249840,"4,6"
TRX1922197,08/12/2021,58623,Kimia Farma - Klinik-Apotek-Laboratorium,Bima,Nusa Tenggara Barat,"4,4",Anthony Gonzalez,KF134,Antihistamines for systemic use,832800,"0,04","0,3",832800,249840,"4,1"
TRX2165957,18/10/2021,71085,Kimia Farma - Klinik & Apotek,Bima,Nusa Tenggara Barat,"4,6",Paul Taylor,KF134,Antihistamines for systemic use,832800,"0,05","0,3",832800,249840,"4,1"
TRX7140909,04/01/2021,32325,Kimia Farma - Apotek,Bima,Nusa Tenggara Barat,"4,4",Patricia Kelley,KF134,Antihistamines for systemic use,832800,"0,01","0,3",832800,249840,"4,1"
TRX2196777,07/11/2022,46468,Kimia Farma - Apotek,Bima,Nusa Tenggara Barat,"4,7",James Dudley,KF134,Antihistamines for systemic use,832800,"0,13","0,3",832800,249840,"3,7"
TRX3641435,10/06/2023,36121,Kimia Farma - Apotek,Bima,Nusa Tenggara Barat,"4,9",John Vincent,KF134,Antihistamines for systemic use,832800,"0,03","0,3",832800,249840,"4,2"
TRX2339490,25/02/2023,42584,Kimia Farma - Klinik & Apotek,Bima,Nusa Tenggara Barat,"4,2",Bradley Smith,KF134,Antihistamines for systemic use,832800,"0,07","0,3",832800,249840,5
TRX9188159,26/01/2022,37191,Kimia Farma - Apotek,Bima,Nusa Tenggara Barat,"3,9",Tanya Williams,KF134,Antihistamines for systemic use,832800,"0,13","0,3",832800,249840,"4,8"
TRX8994797,09/10/2021,36121,Kimia Farma - Apotek,Bima,Nusa Tenggara Barat,"4,9",Dr. Kayla Parks,KF134,Antihistamines for systemic use,832800,"0,14","0,3",832800,249840,"3,9"
TRX6084068,01/01/2020,53644,Kimia Farma - Klinik & Apotek,Bima,Nusa Tenggara Barat,"4,8",Mark Carter,KF134,Antihistamines for systemic use,832800,"0,02","0,3",832800,249840,"3,9"
TRX9160136,26/11/2022,37191,Kimia Farma - Apotek,Bima,Nusa Tenggara Barat,"3,9",James Wright,KF134,Antihistamines for systemic use,832800,"0,11","0,3",832800,249840,"4,8"
TRX5213572,24/09/2020,64892,Kimia Farma - Klinik-Apotek-Laboratorium,Bima,Nusa Tenggara Barat,"4,9",Carrie Schroeder,KF134,Antihistamines for systemic use,832800,"0,15","0,3",832800,249840,"3,5"
TRX2977554,23/09/2022,58323,Kimia Farma - Klinik & Apotek,Bima,Nusa Tenggara Barat,4,Henry Roach,KF134,Antihistamines for systemic use,832800,"0,02","0,3",832800,249840,"4,8"
TRX4838951,08/04/2021,99064,Kimia Farma - Klinik-Apotek-Laboratorium,Bima,Nusa Tenggara Barat,"4,3",Richard Bass,KF134,Antihistamines for systemic use,832800,"0,06","0,3",832800,249840,"3,6"
TRX8763713,17/09/2020,37191,Kimia Farma - Apotek,Bima,Nusa Tenggara Barat,"3,9",Michael Bryant,KF134,Antihistamines for systemic use,832800,"0,04","0,3",832800,249840,"4,9"
TRX9871113,25/11/2023,19867,Kimia Farma - Klinik & Apotek,Bima,Nusa Tenggara Barat,5,Shawn Jones,KF134,Antihistamines for systemic use,832800,"0,14","0,3",832800,249840,"3,1"
TRX8376010,29/01/2021,35270,Kimia Farma - Klinik & Apotek,Bima,Nusa Tenggara Barat,5,Timothy Wood,KF134,Antihistamines for systemic use,832800,"0,12","0,3",832800,249840,"3,5"
TRX6257584,13/07/2021,19867,Kimia Farma - Klinik & Apotek,Bima,Nusa Tenggara Barat,5,Amanda Miller,KF134,Antihistamines for systemic use,832800,"0,01","0,3",832800,249840,"3,4"
TRX7443093,28/08/2023,35270,Kimia Farma - Klinik & Apotek,Bima,Nusa Tenggara Barat,5,Donna Li,KF134,Antihistamines for systemic use,832800,"0,1","0,3",832800,249840,"4,1"
TRX9531632,03/02/2023,32325,Kimia Farma - Apotek,Bima,Nusa Tenggara Barat,"4,4",Sandra Johnson,KF134,Antihistamines for systemic use,832800,"0,06","0,3",832800,249840,"3,8"
TRX2852692,15/12/2020,99064,Kimia Farma - Klinik-Apotek-Laboratorium,Bima,Nusa Tenggara Barat,"4,3",Lori Scott,KF134,Antihistamines for systemic use,832800,"0,03","0,3",832800,249840,"4,5"
TRX7320373,19/07/2022,35270,Kimia Farma - Klinik & Apotek,Bima,Nusa Tenggara Barat,5,Duane Santana,KF134,Antihistamines for systemic use,832800,"0,11","0,3",832800,249840,"4,3"
TRX2195136,24/06/2023,35270,Kimia Farma - Klinik & Apotek,Bima,Nusa Tenggara Barat,5,Caleb Roth,KF134,Antihistamines for systemic use,832800,"0,08","0,3",832800,249840,"3,8"
TRX3902454,11/10/2021,23654,Kimia Farma - Klinik-Apotek-Laboratorium,Bima,Nusa Tenggara Barat,"4,7",Angie Gray,KF134,Antihistamines for systemic use,832800,"0,13","0,3",832800,249840,"3,3"
TRX9335115,27/04/2020,83104,Kimia Farma - Klinik & Apotek,Bima,Nusa Tenggara Barat,5,David Frazier,KF134,Antihistamines for systemic use,832800,"0,15","0,3",832800,249840,"4,6"
TRX9587670,05/07/2022,42584,Kimia Farma - Klinik & Apotek,Bima,Nusa Tenggara Barat,"4,2",Stacy Smith,KF134,Antihistamines for systemic use,832800,"0,05","0,3",832800,249840,"4,8"
TRX3700174,22/05/2020,81810,Kimia Farma - Klinik & Apotek,Bima,Nusa Tenggara Barat,"4,4",Sandra Underwood,KF141,Drugs for obstructive airway diseases,221100,"0,13","0,2",221100,44220,"4,2"
TRX4146994,04/05/2023,85684,Kimia Farma - Klinik & Apotek,Bima,Nusa Tenggara Barat,"4,4",Annette Warren,KF141,Drugs for obstructive airway diseases,221100,"0,06","0,2",221100,44220,"3,8"
TRX2745860,10/08/2021,42584,Kimia Farma - Klinik & Apotek,Bima,Nusa Tenggara Barat,"4,2",Dr. Jaime Browning,KF141,Drugs for obstructive airway diseases,221100,"0,12","0,2",221100,44220,"3,4"
TRX5679890,28/09/2020,99064,Kimia Farma - Klinik-Apotek-Laboratorium,Bima,Nusa Tenggara Barat,"4,3",Paul Olsen,KF141,Drugs for obstructive airway diseases,221100,"0,02","0,2",221100,44220,"4,2"
TRX4194904,14/04/2021,62246,Kimia Farma - Klinik-Apotek-Laboratorium,Bima,Nusa Tenggara Barat,"4,5",Eric Freeman,KF141,Drugs for obstructive airway diseases,221100,"0,15","0,2",221100,44220,4
TRX4882515,17/11/2023,36121,Kimia Farma - Apotek,Bima,Nusa Tenggara Barat,"4,9",Ryan Brown,KF141,Drugs for obstructive airway diseases,221100,"0,14","0,2",221100,44220,"3,7"
TRX8432152,11/04/2023,58623,Kimia Farma - Klinik-Apotek-Laboratorium,Bima,Nusa Tenggara Barat,"4,4",Victoria Owens,KF141,Drugs for obstructive airway diseases,221100,"0,08","0,2",221100,44220,"4,4"
TRX7499350,15/11/2023,16331,Kimia Farma - Klinik & Apotek,Bima,Nusa Tenggara Barat,"4,5",Deanna Moran DDS,KF141,Drugs for obstructive airway diseases,221100,"0,09","0,2",221100,44220,"4,5"
TRX5950420,06/08/2020,71085,Kimia Farma - Klinik & Apotek,Bima,Nusa Tenggara Barat,"4,6",Emily Stewart,KF141,Drugs for obstructive airway diseases,221100,"0,07","0,2",221100,44220,"4,5"
TRX1471983,23/12/2022,46468,Kimia Farma - Apotek,Bima,Nusa Tenggara Barat,"4,7",Raymond Day,KF141,Drugs for obstructive airway diseases,221100,"0,08","0,2",221100,44220,"4,8"
TRX4337872,18/08/2023,58623,Kimia Farma - Klinik-Apotek-Laboratorium,Bima,Nusa Tenggara Barat,"4,4",Timothy Mcclain,KF141,Drugs for obstructive airway diseases,221100,"0,01","0,2",221100,44220,"4,2"
TRX4376378,20/11/2020,99064,Kimia Farma - Klinik-Apotek-Laboratorium,Bima,Nusa Tenggara Barat,"4,3",Kathryn Reyes,KF141,Drugs for obstructive airway diseases,221100,"0,11","0,2",221100,44220,"3,8"
TRX6830580,03/08/2021,99064,Kimia Farma - Klinik-Apotek-Laboratorium,Bima,Nusa Tenggara Barat,"4,3",Jamie White,KF141,Drugs for obstructive airway diseases,221100,"0,14","0,2",221100,44220,"4,7"
TRX9007533,25/09/2023,58623,Kimia Farma - Klinik-Apotek-Laboratorium,Bima,Nusa Tenggara Barat,"4,4",Keith Lee,KF141,Drugs for obstructive airway diseases,221100,"0,07","0,2",221100,44220,"4,6"
TRX8716659,01/12/2023,19867,Kimia Farma - Klinik & Apotek,Bima,Nusa Tenggara Barat,5,Shannon Jackson,KF141,Drugs for obstructive airway diseases,221100,"0,14","0,2",221100,44220,"3,2"
TRX5231085,27/02/2020,42584,Kimia Farma - Klinik & Apotek,Bima,Nusa Tenggara Barat,"4,2",Jillian Garcia,KF141,Drugs for obstructive airway diseases,221100,"0,06","0,2",221100,44220,"3,7"
TRX5215764,03/01/2022,37191,Kimia Farma - Apotek,Bima,Nusa Tenggara Barat,"3,9",Mary Nelson,KF141,Drugs for obstructive airway diseases,221100,"0,03","0,2",221100,44220,"3,9"
TRX8444669,26/04/2023,16331,Kimia Farma - Klinik & Apotek,Bima,Nusa Tenggara Barat,"4,5",Joel Wagner,KF141,Drugs for obstructive airway diseases,221100,"0,09","0,2",221100,44220,"3,5"
TRX3322491,06/08/2022,46468,Kimia Farma - Apotek,Bima,Nusa Tenggara Barat,"4,7",Jeffrey Harrington,KF141,Drugs for obstructive airway diseases,221100,"0,04","0,2",221100,44220,"4,5"
TRX3377838,25/11/2022,19867,Kimia Farma - Klinik & Apotek,Bima,Nusa Tenggara Barat,5,Annette Cook,KF141,Drugs for obstructive airway diseases,221100,"0,05","0,2",221100,44220,"4,3"
TRX3194357,22/11/2023,58323,Kimia Farma - Klinik & Apotek,Bima,Nusa Tenggara Barat,4,Billy Adams,KF141,Drugs for obstructive airway diseases,221100,"0,12","0,2",221100,44220,"3,6"
TRX9870781,03/12/2022,58323,Kimia Farma - Klinik & Apotek,Bima,Nusa Tenggara Barat,4,Margaret Cruz,KF141,Drugs for obstructive airway diseases,221100,"0,06","0,2",221100,44220,"4,9"
TRX2305028,12/02/2023,37191,Kimia Farma - Apotek,Bima,Nusa Tenggara Barat,"3,9",Randall Lopez,KF141,Drugs for obstructive airway diseases,221100,"0,03","0,2",221100,44220,"4,1"
TRX8081502,22/08/2022,19867,Kimia Farma - Klinik & Apotek,Bima,Nusa Tenggara Barat,5,Peter Rodriguez,KF141,Drugs for obstructive airway diseases,221100,"0,12","0,2",221100,44220,"4,6"
TRX9912623,02/09/2021,53644,Kimia Farma - Klinik & Apotek,Bima,Nusa Tenggara Barat,"4,8",Natalie Banks,KF141,Drugs for obstructive airway diseases,221100,"0,09","0,2",221100,44220,"4,8"
TRX8843901,21/10/2023,46468,Kimia Farma - Apotek,Bima,Nusa Tenggara Barat,"4,7",Gloria Buchanan,KF141,Drugs for obstructive airway diseases,221100,"0,12","0,2",221100,44220,"3,7"
TRX1611058,15/01/2020,19867,Kimia Farma - Klinik & Apotek,Bima,Nusa Tenggara Barat,5,Brent Silva,KF141,Drugs for obstructive airway diseases,221100,"0,07","0,2",221100,44220,"3,1"
TRX3960664,05/03/2022,37191,Kimia Farma - Apotek,Bima,Nusa Tenggara Barat,"3,9",Danielle Orr,KF141,Drugs for obstructive airway diseases,221100,0,"0,2",221100,44220,"3,6"
TRX4731376,21/06/2022,23248,Kimia Farma - Apotek,Bima,Nusa Tenggara Barat,"4,1",Alex White,KF141,Drugs for obstructive airway diseases,221100,"0,08","0,2",221100,44220,3
TRX9868054,09/10/2020,42584,Kimia Farma - Klinik & Apotek,Bima,Nusa Tenggara Barat,"4,2",Sara Roberts,KF141,Drugs for obstructive airway diseases,221100,"0,05","0,2",221100,44220,"3,9"
TRX1752503,19/10/2023,81810,Kimia Farma - Klinik & Apotek,Bima,Nusa Tenggara Barat,"4,4",Michael Curry,KF141,Drugs for obstructive airway diseases,221100,"0,06","0,2",221100,44220,"3,8"
TRX7259146,12/04/2020,62246,Kimia Farma - Klinik-Apotek-Laboratorium,Bima,Nusa Tenggara Barat,"4,5",Larry Collins,KF141,Drugs for obstructive airway diseases,221100,"0,1","0,2",221100,44220,"3,1"
TRX8267171,14/01/2022,83104,Kimia Farma - Klinik & Apotek,Bima,Nusa Tenggara Barat,5,Darren Walker,KF141,Drugs for obstructive airway diseases,221100,"0,13","0,2",221100,44220,"3,9"
TRX3514514,19/08/2022,58323,Kimia Farma - Klinik & Apotek,Bima,Nusa Tenggara Barat,4,Anthony White,KF141,Drugs for obstructive airway diseases,221100,"0,13","0,2",221100,44220,"3,8"
TRX9146428,17/07/2023,23654,Kimia Farma - Klinik-Apotek-Laboratorium,Bima,Nusa Tenggara Barat,"4,7",Gregory Sullivan,KF141,Drugs for obstructive airway diseases,221100,"0,04","0,2",221100,44220,"3,9"
TRX5626672,26/03/2020,71085,Kimia Farma - Klinik & Apotek,Bima,Nusa Tenggara Barat,"4,6",Lynn Blake DVM,KF141,Drugs for obstructive airway diseases,221100,"0,09","0,2",221100,44220,5
TRX6063814,25/11/2020,62246,Kimia Farma - Klinik-Apotek-Laboratorium,Bima,Nusa Tenggara Barat,"4,5",Justin Harris,KF141,Drugs for obstructive airway diseases,221100,"0,14","0,2",221100,44220,"3,1"
TRX5585144,02/04/2022,16331,Kimia Farma - Klinik & Apotek,Bima,Nusa Tenggara Barat,"4,5",Harry Valdez,KF141,Drugs for obstructive airway diseases,221100,"0,01","0,2",221100,44220,4
TRX8161815,14/07/2023,23248,Kimia Farma - Apotek,Bima,Nusa Tenggara Barat,"4,1",Erika Watson,KF141,Drugs for obstructive airway diseases,221100,"0,15","0,2",221100,44220,"4,4"
TRX4861156,19/01/2020,37191,Kimia Farma - Apotek,Bima,Nusa Tenggara Barat,"3,9",Max Price,KF141,Drugs for obstructive airway diseases,221100,"0,13","0,2",221100,44220,"3,6"
TRX2004031,04/11/2020,23248,Kimia Farma - Apotek,Bima,Nusa Tenggara Barat,"4,1",Jessica Maxwell,KF141,Drugs for obstructive airway diseases,221100,"0,11","0,2",221100,44220,"3,6"
TRX2061328,05/05/2022,37191,Kimia Farma - Apotek,Bima,Nusa Tenggara Barat,"3,9",Jennifer Newman,KF141,Drugs for obstructive airway diseases,221100,"0,01","0,2",221100,44220,"4,9"
TRX3779558,13/10/2023,23248,Kimia Farma - Apotek,Bima,Nusa Tenggara Barat,"4,1",James Coleman,KF141,Drugs for obstructive airway diseases,221100,"0,09","0,2",221100,44220,"3,2"
TRX2288166,10/06/2022,53644,Kimia Farma - Klinik & Apotek,Bima,Nusa Tenggara Barat,"4,8",Todd Wallace,KF141,Drugs for obstructive airway diseases,221100,"0,12","0,2",221100,44220,"3,2"
TRX4664285,14/12/2020,19867,Kimia Farma - Klinik & Apotek,Bima,Nusa Tenggara Barat,5,Laura Mcmahon,KF141,Drugs for obstructive airway diseases,221100,"0,14","0,2",221100,44220,"4,9"
TRX1762324,05/01/2021,85684,Kimia Farma - Klinik & Apotek,Bima,Nusa Tenggara Barat,"4,4",Mr. David Mitchell,KF141,Drugs for obstructive airway diseases,221100,"0,05","0,2",221100,44220,"3,1"
TRX6117579,22/05/2023,58623,Kimia Farma - Klinik-Apotek-Laboratorium,Bima,Nusa Tenggara Barat,"4,4",William Case,KF141,Drugs for obstructive airway diseases,221100,"0,1","0,2",221100,44220,"3,6"
TRX9259799,01/04/2023,71085,Kimia Farma - Klinik & Apotek,Bima,Nusa Tenggara Barat,"4,6",Donald Barber,KF141,Drugs for obstructive airway diseases,221100,"0,08","0,2",221100,44220,"4,7"
TRX1082255,01/11/2021,83104,Kimia Farma - Klinik & Apotek,Bima,Nusa Tenggara Barat,5,Kristie Carr,KF141,Drugs for obstructive airway diseases,221100,"0,13","0,2",221100,44220,"4,5"
TRX2953538,19/06/2023,99064,Kimia Farma - Klinik-Apotek-Laboratorium,Bima,Nusa Tenggara Barat,"4,3",Dr. Christy Baker,KF141,Drugs for obstructive airway diseases,221100,"0,09","0,2",221100,44220,"3,6"
TRX5896174,07/12/2021,58623,Kimia Farma - Klinik-Apotek-Laboratorium,Bima,Nusa Tenggara Barat,"4,4",Sara Small,KF141,Drugs for obstructive airway diseases,221100,"0,13","0,2",221100,44220,"3,8"
TRX1914740,07/03/2023,53644,Kimia Farma - Klinik & Apotek,Bima,Nusa Tenggara Barat,"4,8",Alan Flowers,KF141,Drugs for obstructive airway diseases,221100,0,"0,2",221100,44220,"4,5"
TRX3591624,07/09/2020,83104,Kimia Farma - Klinik & Apotek,Bima,Nusa Tenggara Barat,5,Ashley Sherman,KF141,Drugs for obstructive airway diseases,221100,"0,04","0,2",221100,44220,"4,3"
TRX8184866,31/10/2022,85684,Kimia Farma - Klinik & Apotek,Bima,Nusa Tenggara Barat,"4,4",James Shaffer,KF141,Drugs for obstructive airway diseases,221100,"0,14","0,2",221100,44220,4
TRX8365106,09/05/2021,64892,Kimia Farma - Klinik-Apotek-Laboratorium,Bima,Nusa Tenggara Barat,"4,9",Michael Nash,KF141,Drugs for obstructive airway diseases,221100,"0,01","0,2",221100,44220,"3,6"
TRX2422233,11/08/2022,37191,Kimia Farma - Apotek,Bima,Nusa Tenggara Barat,"3,9",Michael Herman,KF147,Antihistamines for systemic use,684900,"0,14","0,3",684900,205470,"3,5"
TRX8673488,01/04/2021,32325,Kimia Farma - Apotek,Bima,Nusa Tenggara Barat,"4,4",Casey Morton,KF147,Antihistamines for systemic use,684900,0,"0,3",684900,205470,"3,7"
TRX9823798,23/12/2021,32325,Kimia Farma - Apotek,Bima,Nusa Tenggara Barat,"4,4",Mary Lawrence,KF147,Antihistamines for systemic use,684900,"0,12","0,3",684900,205470,"3,9"
TRX5445767,24/12/2020,62246,Kimia Farma - Klinik-Apotek-Laboratorium,Bima,Nusa Tenggara Barat,"4,5",Ann Logan,KF147,Antihistamines for systemic use,684900,"0,14","0,3",684900,205470,"4,4"
TRX6627718,01/11/2021,99064,Kimia Farma - Klinik-Apotek-Laboratorium,Bima,Nusa Tenggara Barat,"4,3",Christopher Wolf Jr.,KF147,Antihistamines for systemic use,684900,"0,07","0,3",684900,205470,"4,2"
TRX1114482,24/02/2021,42584,Kimia Farma - Klinik & Apotek,Bima,Nusa Tenggara Barat,"4,2",Lisa Evans,KF147,Antihistamines for systemic use,684900,0,"0,3",684900,205470,"4,4"
TRX4260420,06/04/2021,62246,Kimia Farma - Klinik-Apotek-Laboratorium,Bima,Nusa Tenggara Barat,"4,5",Jodi Stafford,KF147,Antihistamines for systemic use,684900,0,"0,3",684900,205470,"4,2"
TRX7682426,02/03/2022,35270,Kimia Farma - Klinik & Apotek,Bima,Nusa Tenggara Barat,5,Nicholas Brown,KF147,Antihistamines for systemic use,684900,"0,11","0,3",684900,205470,"3,5"
TRX3874505,12/01/2020,35270,Kimia Farma - Klinik & Apotek,Bima,Nusa Tenggara Barat,5,Amy Hughes,KF147,Antihistamines for systemic use,684900,"0,03","0,3",684900,205470,"3,9"
TRX2893968,22/09/2021,64892,Kimia Farma - Klinik-Apotek-Laboratorium,Bima,Nusa Tenggara Barat,"4,9",Priscilla Rivera,KF147,Antihistamines for systemic use,684900,"0,15","0,3",684900,205470,"3,8"
TRX6917975,11/08/2020,81810,Kimia Farma - Klinik & Apotek,Bima,Nusa Tenggara Barat,"4,4",Adam Eaton,KF147,Antihistamines for systemic use,684900,"0,14","0,3",684900,205470,"4,1"
TRX8009470,22/08/2023,58323,Kimia Farma - Klinik & Apotek,Bima,Nusa Tenggara Barat,4,Lisa King,KF147,Antihistamines for systemic use,684900,"0,05","0,3",684900,205470,"3,7"
TRX8162192,07/10/2023,71085,Kimia Farma - Klinik & Apotek,Bima,Nusa Tenggara Barat,"4,6",Lauren Evans,KF147,Antihistamines for systemic use,684900,"0,09","0,3",684900,205470,"3,8"
TRX8853163,27/06/2021,62246,Kimia Farma - Klinik-Apotek-Laboratorium,Bima,Nusa Tenggara Barat,"4,5",Gary Reyes,KF147,Antihistamines for systemic use,684900,"0,13","0,3",684900,205470,"4,6"
TRX5764174,08/11/2022,81810,Kimia Farma - Klinik & Apotek,Bima,Nusa Tenggara Barat,"4,4",Patricia Stevens,KF147,Antihistamines for systemic use,684900,"0,12","0,3",684900,205470,"4,4"
TRX2373017,09/01/2021,99064,Kimia Farma - Klinik-Apotek-Laboratorium,Bima,Nusa Tenggara Barat,"4,3",Douglas Brown,KF147,Antihistamines for systemic use,684900,"0,03","0,3",684900,205470,"3,4"
TRX3070020,27/03/2020,19867,Kimia Farma - Klinik & Apotek,Bima,Nusa Tenggara Barat,5,Paul Hughes,KF147,Antihistamines for systemic use,684900,"0,13","0,3",684900,205470,5
TRX7406687,10/04/2020,58623,Kimia Farma - Klinik-Apotek-Laboratorium,Bima,Nusa Tenggara Barat,"4,4",Jason Taylor,KF147,Antihistamines for systemic use,684900,"0,02","0,3",684900,205470,"4,2"
TRX8851369,12/04/2022,46468,Kimia Farma - Apotek,Bima,Nusa Tenggara Barat,"4,7",William Ochoa,KF147,Antihistamines for systemic use,684900,"0,14","0,3",684900,205470,"4,7"
TRX3658737,06/08/2021,58323,Kimia Farma - Klinik & Apotek,Bima,Nusa Tenggara Barat,4,Jeremiah Hurst,KF147,Antihistamines for systemic use,684900,"0,06","0,3",684900,205470,"4,9"
TRX3661020,15/05/2023,58323,Kimia Farma - Klinik & Apotek,Bima,Nusa Tenggara Barat,4,Timothy Perez,KF147,Antihistamines for systemic use,684900,"0,08","0,3",684900,205470,"4,6"
TRX9518375,16/02/2020,62246,Kimia Farma - Klinik-Apotek-Laboratorium,Bima,Nusa Tenggara Barat,"4,5",Sara Johnson,KF147,Antihistamines for systemic use,684900,"0,11","0,3",684900,205470,"4,8"
TRX3823611,07/12/2020,99064,Kimia Farma - Klinik-Apotek-Laboratorium,Bima,Nusa Tenggara Barat,"4,3",Craig Terry,KF147,Antihistamines for systemic use,684900,"0,05","0,3",684900,205470,"4,3"
TRX7083384,18/06/2022,35270,Kimia Farma - Klinik & Apotek,Bima,Nusa Tenggara Barat,5,Jessica Aguilar,KF147,Antihistamines for systemic use,684900,0,"0,3",684900,205470,"3,3"
TRX1336095,23/12/2023,85684,Kimia Farma - Klinik & Apotek,Bima,Nusa Tenggara Barat,"4,4",Jodi Fisher,KF147,Antihistamines for systemic use,684900,"0,02","0,3",684900,205470,"3,2"
TRX3641252,14/07/2023,23248,Kimia Farma - Apotek,Bima,Nusa Tenggara Barat,"4,1",Carmen Adams,KF147,Antihistamines for systemic use,684900,"0,02","0,3",684900,205470,"3,7"
TRX5329133,08/03/2021,37191,Kimia Farma - Apotek,Bima,Nusa Tenggara Barat,"3,9",Michelle Nicholson,KF147,Antihistamines for systemic use,684900,"0,03","0,3",684900,205470,"3,2"
TRX8232976,26/08/2023,64892,Kimia Farma - Klinik-Apotek-Laboratorium,Bima,Nusa Tenggara Barat,"4,9",Joshua Morgan DDS,KF147,Antihistamines for systemic use,684900,"0,09","0,3",684900,205470,"3,2"
TRX7250608,16/09/2020,46468,Kimia Farma - Apotek,Bima,Nusa Tenggara Barat,"4,7",Kristin Mccormick,KF147,Antihistamines for systemic use,684900,"0,15","0,3",684900,205470,"4,6"
TRX9886474,10/08/2023,99064,Kimia Farma - Klinik-Apotek-Laboratorium,Bima,Nusa Tenggara Barat,"4,3",Shawn Richardson,KF147,Antihistamines for systemic use,684900,"0,03","0,3",684900,205470,"3,3"
TRX8795104,07/08/2023,23248,Kimia Farma - Apotek,Bima,Nusa Tenggara Barat,"4,1",Derek Mckay,KF147,Antihistamines for systemic use,684900,"0,08","0,3",684900,205470,"4,1"
TRX7730940,25/12/2021,32325,Kimia Farma - Apotek,Bima,Nusa Tenggara Barat,"4,4",Taylor Chaney,KF147,Antihistamines for systemic use,684900,"0,11","0,3",684900,205470,"4,2"
TRX4293129,18/01/2020,53644,Kimia Farma - Klinik & Apotek,Bima,Nusa Tenggara Barat,"4,8",Kristie Allen MD,KF147,Antihistamines for systemic use,684900,"0,14","0,3",684900,205470,"3,2"
TRX1659330,25/03/2022,46468,Kimia Farma - Apotek,Bima,Nusa Tenggara Barat,"4,7",Amanda Reed,KF147,Antihistamines for systemic use,684900,"0,06","0,3",684900,205470,"4,4"
TRX7973499,10/06/2023,71085,Kimia Farma - Klinik & Apotek,Bima,Nusa Tenggara Barat,"4,6",Danielle Hamilton,KF147,Antihistamines for systemic use,684900,"0,11","0,3",684900,205470,"4,9"
TRX3126860,27/12/2022,99064,Kimia Farma - Klinik-Apotek-Laboratorium,Bima,Nusa Tenggara Barat,"4,3",Sara Collins,KF147,Antihistamines for systemic use,684900,"0,13","0,3",684900,205470,"3,6"
TRX4217819,20/10/2021,62246,Kimia Farma - Klinik-Apotek-Laboratorium,Bima,Nusa Tenggara Barat,"4,5",Dustin Woodward,KF147,Antihistamines for systemic use,684900,"0,12","0,3",684900,205470,"3,6"
TRX2995305,25/01/2022,83104,Kimia Farma - Klinik & Apotek,Bima,Nusa Tenggara Barat,5,Ryan Pennington,KF147,Antihistamines for systemic use,684900,"0,11","0,3",684900,205470,3
TRX2448264,26/09/2022,23654,Kimia Farma - Klinik-Apotek-Laboratorium,Bima,Nusa Tenggara Barat,"4,7",Eric Bentley,KF147,Antihistamines for systemic use,684900,"0,09","0,3",684900,205470,"4,3"
TRX7849742,10/02/2022,83104,Kimia Farma - Klinik & Apotek,Bima,Nusa Tenggara Barat,5,Robert Williams,KF147,Antihistamines for systemic use,684900,"0,08","0,3",684900,205470,"3,1"
TRX1383524,19/09/2020,58623,Kimia Farma - Klinik-Apotek-Laboratorium,Bima,Nusa Tenggara Barat,"4,4",Brooke Hurley,KF147,Antihistamines for systemic use,684900,"0,05","0,3",684900,205470,"3,8"
TRX8600844,27/12/2021,35270,Kimia Farma - Klinik & Apotek,Bima,Nusa Tenggara Barat,5,Samantha Coffey,KF147,Antihistamines for systemic use,684900,"0,07","0,3",684900,205470,"4,4"
TRX2614920,27/02/2023,85684,Kimia Farma - Klinik & Apotek,Bima,Nusa Tenggara Barat,"4,4",Brittney Smith,KF147,Antihistamines for systemic use,684900,"0,06","0,3",684900,205470,"3,8"
TRX3978101,15/01/2023,58623,Kimia Farma - Klinik-Apotek-Laboratorium,Bima,Nusa Tenggara Barat,"4,4",Timothy Pierce,KF147,Antihistamines for systemic use,684900,"0,15","0,3",684900,205470,"3,1"
TRX1042840,13/11/2023,71085,Kimia Farma - Klinik & Apotek,Bima,Nusa Tenggara Barat,"4,6",Philip Wilkerson,KF147,Antihistamines for systemic use,684900,"0,14","0,3",684900,205470,"4,3"
TRX5275522,29/07/2020,32325,Kimia Farma - Apotek,Bima,Nusa Tenggara Barat,"4,4",Taylor Sheppard,KF147,Antihistamines for systemic use,684900,"0,15","0,3",684900,205470,"4,8"
TRX3980501,13/02/2020,64892,Kimia Farma - Klinik-Apotek-Laboratorium,Bima,Nusa Tenggara Barat,"4,9",Donna Walters,KF147,Antihistamines for systemic use,684900,"0,14","0,3",684900,205470,"4,1"
TRX2989168,09/04/2023,62246,Kimia Farma - Klinik-Apotek-Laboratorium,Bima,Nusa Tenggara Barat,"4,5",Eric Martinez,KF147,Antihistamines for systemic use,684900,"0,04","0,3",684900,205470,"4,9"
TRX2296425,30/03/2022,16331,Kimia Farma - Klinik & Apotek,Bima,Nusa Tenggara Barat,"4,5",Debra Bowman,KF147,Antihistamines for systemic use,684900,"0,06","0,3",684900,205470,"3,5"
TRX9308217,17/01/2023,62246,Kimia Farma - Klinik-Apotek-Laboratorium,Bima,Nusa Tenggara Barat,"4,5",Katherine Glass,KF147,Antihistamines for systemic use,684900,"0,01","0,3",684900,205470,4
TRX5182689,27/02/2023,23248,Kimia Farma - Apotek,Bima,Nusa Tenggara Barat,"4,1",Devin Clark,KF147,Antihistamines for systemic use,684900,"0,11","0,3",684900,205470,"3,2"
TRX2578690,22/09/2023,19867,Kimia Farma - Klinik & Apotek,Bima,Nusa Tenggara Barat,5,Shawn Taylor,KF147,Antihistamines for systemic use,684900,"0,03","0,3",684900,205470,"3,7"
TRX4378571,20/08/2022,35270,Kimia Farma - Klinik & Apotek,Bima,Nusa Tenggara Barat,5,Eric Ward,KF147,Antihistamines for systemic use,684900,0,"0,3",684900,205470,"3,1"
TRX4825292,18/03/2021,62246,Kimia Farma - Klinik-Apotek-Laboratorium,Bima,Nusa Tenggara Barat,"4,5",Laura Smith,KF147,Antihistamines for systemic use,684900,"0,08","0,3",684900,205470,"4,5"
TRX7916639,20/12/2023,85684,Kimia Farma - Klinik & Apotek,Bima,Nusa Tenggara Barat,"4,4",Michael George,KF147,Antihistamines for systemic use,684900,"0,15","0,3",684900,205470,"4,9"
TRX3507846,19/02/2020,58323,Kimia Farma - Klinik & Apotek,Bima,Nusa Tenggara Barat,4,Steven Alexander,KF147,Antihistamines for systemic use,684900,"0,07","0,3",684900,205470,"4,7"
TRX1220987,15/09/2020,37191,Kimia Farma - Apotek,Bima,Nusa Tenggara Barat,"3,9",Aaron Hill,KF147,Antihistamines for systemic use,684900,"0,09","0,3",684900,205470,4
TRX6368189,14/11/2021,36121,Kimia Farma - Apotek,Bima,Nusa Tenggara Barat,"4,9",Shelley Smith,KF147,Antihistamines for systemic use,684900,"0,11","0,3",684900,205470,"3,9"
TRX8895035,24/10/2021,37191,Kimia Farma - Apotek,Bima,Nusa Tenggara Barat,"3,9",Elizabeth Lynch,KF147,Antihistamines for systemic use,684900,"0,11","0,3",684900,205470,"4,8"
TRX6901440,09/09/2023,83104,Kimia Farma - Klinik & Apotek,Bima,Nusa Tenggara Barat,5,Steven Taylor,KF147,Antihistamines for systemic use,684900,"0,01","0,3",684900,205470,"3,1"
TRX3075300,14/05/2020,16331,Kimia Farma - Klinik & Apotek,Bima,Nusa Tenggara Barat,"4,5",Matthew Perez,KF147,Antihistamines for systemic use,684900,"0,05","0,3",684900,205470,5
TRX3667896,27/11/2021,37191,Kimia Farma - Apotek,Bima,Nusa Tenggara Barat,"3,9",Kelly Patterson,KF147,Antihistamines for systemic use,684900,"0,01","0,3",684900,205470,4
TRX5004272,04/12/2022,83104,Kimia Farma - Klinik & Apotek,Bima,Nusa Tenggara Barat,5,Bryce Pearson,KF147,Antihistamines for systemic use,684900,"0,03","0,3",684900,205470,"4,4"
TRX3780486,04/08/2022,37191,Kimia Farma - Apotek,Bima,Nusa Tenggara Barat,"3,9",Mark Patterson,KF147,Antihistamines for systemic use,684900,"0,14","0,3",684900,205470,5
TRX2676080,17/06/2022,32325,Kimia Farma - Apotek,Bima,Nusa Tenggara Barat,"4,4",Angela Fuller,KF147,Antihistamines for systemic use,684900,"0,08","0,3",684900,205470,"3,4"
TRX9149773,27/03/2020,37191,Kimia Farma - Apotek,Bima,Nusa Tenggara Barat,"3,9",Theresa Thornton,KF147,Antihistamines for systemic use,684900,"0,12","0,3",684900,205470,"4,6"
TRX8235426,05/06/2022,58323,Kimia Farma - Klinik & Apotek,Bima,Nusa Tenggara Barat,4,Michael Garza,KF147,Antihistamines for systemic use,684900,"0,14","0,3",684900,205470,"4,4"
TRX1747115,07/04/2021,23654,Kimia Farma - Klinik-Apotek-Laboratorium,Bima,Nusa Tenggara Barat,"4,7",Laura Christensen,KF147,Antihistamines for systemic use,684900,"0,1","0,3",684900,205470,"3,1"
TRX3338298,21/04/2020,64892,Kimia Farma - Klinik-Apotek-Laboratorium,Bima,Nusa Tenggara Barat,"4,9",Danielle Turner,KF147,Antihistamines for systemic use,684900,"0,03","0,3",684900,205470,"4,8"
TRX2643135,23/07/2022,32325,Kimia Farma - Apotek,Bima,Nusa Tenggara Barat,"4,4",Alexandria Arroyo,KF147,Antihistamines for systemic use,684900,"0,13","0,3",684900,205470,"3,3"
TRX7711606,13/07/2021,64892,Kimia Farma - Klinik-Apotek-Laboratorium,Bima,Nusa Tenggara Barat,"4,9",Patricia Ferguson,KF147,Antihistamines for systemic use,684900,"0,02","0,3",684900,205470,"3,2"
TRX2516708,15/10/2020,83104,Kimia Farma - Klinik & Apotek,Bima,Nusa Tenggara Barat,5,Brian Davis,KF147,Antihistamines for systemic use,684900,"0,11","0,3",684900,205470,"4,6"
TRX9004560,22/07/2022,58623,Kimia Farma - Klinik-Apotek-Laboratorium,Bima,Nusa Tenggara Barat,"4,4",Martha Mcbride,KF147,Antihistamines for systemic use,684900,"0,04","0,3",684900,205470,"3,7"
TRX4885903,30/09/2022,37191,Kimia Farma - Apotek,Bima,Nusa Tenggara Barat,"3,9",Carol Lewis,KF147,Antihistamines for systemic use,684900,"0,03","0,3",684900,205470,"4,3"
TRX9624858,20/06/2021,42584,Kimia Farma - Klinik & Apotek,Bima,Nusa Tenggara Barat,"4,2",Peter Turner,KF147,Antihistamines for systemic use,684900,"0,02","0,3",684900,205470,"4,4"
TRX2097936,10/06/2023,83104,Kimia Farma - Klinik & Apotek,Bima,Nusa Tenggara Barat,5,Brian Savage,KF147,Antihistamines for systemic use,684900,0,"0,3",684900,205470,"4,1"
TRX8210585,19/09/2022,58623,Kimia Farma - Klinik-Apotek-Laboratorium,Bima,Nusa Tenggara Barat,"4,4",Jessica Hanson,KF147,Antihistamines for systemic use,684900,"0,03","0,3",684900,205470,"4,3"
TRX2112192,24/10/2022,16331,Kimia Farma - Klinik & Apotek,Bima,Nusa Tenggara Barat,"4,5",Tony Duran,KF149,Antihistamines for systemic use,385300,0,"0,25",385300,96325,"4,6"
TRX2688593,14/01/2020,16331,Kimia Farma - Klinik & Apotek,Bima,Nusa Tenggara Barat,"4,5",Victoria Hughes,KF149,Antihistamines for systemic use,385300,"0,13","0,25",385300,96325,"3,6"
TRX5490662,16/06/2020,62246,Kimia Farma - Klinik-Apotek-Laboratorium,Bima,Nusa Tenggara Barat,"4,5",Mark Hoffman,KF149,Antihistamines for systemic use,385300,"0,02","0,25",385300,96325,"4,2"
TRX2977375,05/11/2023,62246,Kimia Farma - Klinik-Apotek-Laboratorium,Bima,Nusa Tenggara Barat,"4,5",Ryan Perez,KF149,Antihistamines for systemic use,385300,"0,08","0,25",385300,96325,"3,3"
TRX9867687,26/12/2021,36121,Kimia Farma - Apotek,Bima,Nusa Tenggara Barat,"4,9",Beth Marks,KF149,Antihistamines for systemic use,385300,"0,11","0,25",385300,96325,"3,4"
TRX2130407,09/08/2020,23248,Kimia Farma - Apotek,Bima,Nusa Tenggara Barat,"4,1",Peter Salinas,KF149,Antihistamines for systemic use,385300,"0,07","0,25",385300,96325,"3,3"
TRX8275721,28/02/2022,83104,Kimia Farma - Klinik & Apotek,Bima,Nusa Tenggara Barat,5,Sierra Myers,KF149,Antihistamines for systemic use,385300,"0,04","0,25",385300,96325,"3,3"
TRX5705388,27/04/2020,99064,Kimia Farma - Klinik-Apotek-Laboratorium,Bima,Nusa Tenggara Barat,"4,3",Stephanie Kim,KF149,Antihistamines for systemic use,385300,"0,12","0,25",385300,96325,5
TRX1530204,18/12/2022,23248,Kimia Farma - Apotek,Bima,Nusa Tenggara Barat,"4,1",Steven Berg,KF149,Antihistamines for systemic use,385300,"0,13","0,25",385300,96325,"4,2"
TRX2000471,22/11/2022,19867,Kimia Farma - Klinik & Apotek,Bima,Nusa Tenggara Barat,5,Yolanda Jordan,KF149,Antihistamines for systemic use,385300,"0,06","0,25",385300,96325,5
TRX2192946,22/10/2023,32325,Kimia Farma - Apotek,Bima,Nusa Tenggara Barat,"4,4",Patricia Martin,KF149,Antihistamines for systemic use,385300,"0,11","0,25",385300,96325,"4,9"
TRX7901148,09/12/2022,83104,Kimia Farma - Klinik & Apotek,Bima,Nusa Tenggara Barat,5,Regina Hughes,KF149,Antihistamines for systemic use,385300,"0,13","0,25",385300,96325,"3,1"
TRX4468426,26/08/2021,58323,Kimia Farma - Klinik & Apotek,Bima,Nusa Tenggara Barat,4,Hannah Taylor,KF149,Antihistamines for systemic use,385300,"0,07","0,25",385300,96325,"3,5"
TRX3201214,30/12/2022,71085,Kimia Farma - Klinik & Apotek,Bima,Nusa Tenggara Barat,"4,6",Crystal Graham,KF149,Antihistamines for systemic use,385300,"0,08","0,25",385300,96325,"3,7"
TRX2215592,09/08/2022,64892,Kimia Farma - Klinik-Apotek-Laboratorium,Bima,Nusa Tenggara Barat,"4,9",Marc Rose,KF149,Antihistamines for systemic use,385300,"0,07","0,25",385300,96325,"4,6"
TRX8906145,10/10/2020,23248,Kimia Farma - Apotek,Bima,Nusa Tenggara Barat,"4,1",Dr. Stephanie Keller,KF149,Antihistamines for systemic use,385300,"0,06","0,25",385300,96325,"3,9"
TRX8861235,17/11/2020,81810,Kimia Farma - Klinik & Apotek,Bima,Nusa Tenggara Barat,"4,4",Jennifer Roberts,KF149,Antihistamines for systemic use,385300,"0,01","0,25",385300,96325,"3,7"
TRX8660933,28/07/2023,23654,Kimia Farma - Klinik-Apotek-Laboratorium,Bima,Nusa Tenggara Barat,"4,7",Suzanne Miller,KF149,Antihistamines for systemic use,385300,"0,13","0,25",385300,96325,5
TRX5122038,16/12/2021,35270,Kimia Farma - Klinik & Apotek,Bima,Nusa Tenggara Barat,5,Tracy Wagner,KF149,Antihistamines for systemic use,385300,"0,11","0,25",385300,96325,"4,3"
TRX5077478,19/07/2020,53644,Kimia Farma - Klinik & Apotek,Bima,Nusa Tenggara Barat,"4,8",Robert Wallace,KF149,Antihistamines for systemic use,385300,"0,02","0,25",385300,96325,"3,1"
TRX5064122,20/07/2022,58323,Kimia Farma - Klinik & Apotek,Bima,Nusa Tenggara Barat,4,Jorge Miller,KF149,Antihistamines for systemic use,385300,"0,03","0,25",385300,96325,"4,3"
TRX4537931,03/12/2022,23654,Kimia Farma - Klinik-Apotek-Laboratorium,Bima,Nusa Tenggara Barat,"4,7",Mr. George Pope,KF149,Antihistamines for systemic use,385300,"0,11","0,25",385300,96325,"3,3"
TRX2002668,08/09/2023,35270,Kimia Farma - Klinik & Apotek,Bima,Nusa Tenggara Barat,5,Mr. Larry Bailey,KF149,Antihistamines for systemic use,385300,"0,08","0,25",385300,96325,"3,5"
TRX6790825,13/09/2023,62246,Kimia Farma - Klinik-Apotek-Laboratorium,Bima,Nusa Tenggara Barat,"4,5",Tina Barber,KF149,Antihistamines for systemic use,385300,"0,02","0,25",385300,96325,"3,9"
TRX9107504,25/11/2021,32325,Kimia Farma - Apotek,Bima,Nusa Tenggara Barat,"4,4",Joshua Rhodes,KF149,Antihistamines for systemic use,385300,"0,07","0,25",385300,96325,"4,8"
TRX1474675,23/06/2020,58323,Kimia Farma - Klinik & Apotek,Bima,Nusa Tenggara Barat,4,Tyler Boyd,KF149,Antihistamines for systemic use,385300,"0,04","0,25",385300,96325,"4,6"
TRX8149296,05/07/2023,53644,Kimia Farma - Klinik & Apotek,Bima,Nusa Tenggara Barat,"4,8",Kimberly Wang,KF149,Antihistamines for systemic use,385300,"0,04","0,25",385300,96325,"3,6"
TRX4994320,11/10/2023,83104,Kimia Farma - Klinik & Apotek,Bima,Nusa Tenggara Barat,5,Cindy Berry MD,KF149,Antihistamines for systemic use,385300,"0,13","0,25",385300,96325,"4,8"
TRX6890216,04/11/2022,36121,Kimia Farma - Apotek,Bima,Nusa Tenggara Barat,"4,9",Emily Yang,KF149,Antihistamines for systemic use,385300,"0,09","0,25",385300,96325,"4,6"
TRX9951447,16/12/2023,83104,Kimia Farma - Klinik & Apotek,Bima,Nusa Tenggara Barat,5,Judy Payne,KF149,Antihistamines for systemic use,385300,"0,09","0,25",385300,96325,"4,4"
TRX5624838,24/08/2020,32325,Kimia Farma - Apotek,Bima,Nusa Tenggara Barat,"4,4",Jay Andersen,KF149,Antihistamines for systemic use,385300,"0,01","0,25",385300,96325,"3,5"
TRX8152585,03/02/2020,32325,Kimia Farma - Apotek,Bima,Nusa Tenggara Barat,"4,4",Michelle Graves,KF149,Antihistamines for systemic use,385300,"0,11","0,25",385300,96325,"3,1"
TRX7824660,27/03/2023,16331,Kimia Farma - Klinik & Apotek,Bima,Nusa Tenggara Barat,"4,5",Heather Duncan,KF149,Antihistamines for systemic use,385300,"0,02","0,25",385300,96325,4
TRX9063076,30/11/2021,85684,Kimia Farma - Klinik & Apotek,Bima,Nusa Tenggara Barat,"4,4",Samantha Best MD,KF149,Antihistamines for systemic use,385300,"0,05","0,25",385300,96325,"4,2"
TRX4031527,22/03/2022,99064,Kimia Farma - Klinik-Apotek-Laboratorium,Bima,Nusa Tenggara Barat,"4,3",Sharon Callahan,KF149,Antihistamines for systemic use,385300,"0,09","0,25",385300,96325,5
TRX3806995,17/07/2022,58323,Kimia Farma - Klinik & Apotek,Bima,Nusa Tenggara Barat,4,Robert Kelly DVM,KF149,Antihistamines for systemic use,385300,"0,11","0,25",385300,96325,"3,3"
TRX3257852,19/05/2022,16331,Kimia Farma - Klinik & Apotek,Bima,Nusa Tenggara Barat,"4,5",Charles Hunter,KF149,Antihistamines for systemic use,385300,"0,08","0,25",385300,96325,"3,5"
TRX4758017,04/09/2023,16331,Kimia Farma - Klinik & Apotek,Bima,Nusa Tenggara Barat,"4,5",Emily Payne MD,KF149,Antihistamines for systemic use,385300,"0,07","0,25",385300,96325,"3,6"
TRX1866944,04/11/2023,83104,Kimia Farma - Klinik & Apotek,Bima,Nusa Tenggara Barat,5,Cynthia Diaz,KF149,Antihistamines for systemic use,385300,"0,02","0,25",385300,96325,"3,2"
TRX7746484,10/11/2023,37191,Kimia Farma - Apotek,Bima,Nusa Tenggara Barat,"3,9",Joshua Hill,KF149,Antihistamines for systemic use,385300,"0,02","0,25",385300,96325,"3,6"
TRX9197744,23/10/2023,23654,Kimia Farma - Klinik-Apotek-Laboratorium,Bima,Nusa Tenggara Barat,"4,7",Tammy Williams,KF149,Antihistamines for systemic use,385300,"0,01","0,25",385300,96325,"3,3"
TRX3646477,22/07/2023,23248,Kimia Farma - Apotek,Bima,Nusa Tenggara Barat,"4,1",Thomas Bird,KF149,Antihistamines for systemic use,385300,"0,06","0,25",385300,96325,"3,9"
TRX1896731,21/10/2021,53644,Kimia Farma - Klinik & Apotek,Bima,Nusa Tenggara Barat,"4,8",Michael Griffin,KF149,Antihistamines for systemic use,385300,"0,15","0,25",385300,96325,"3,8"
TRX9289130,27/10/2023,23654,Kimia Farma - Klinik-Apotek-Laboratorium,Bima,Nusa Tenggara Barat,"4,7",Elizabeth Esparza,KF149,Antihistamines for systemic use,385300,"0,12","0,25",385300,96325,"3,1"
TRX2505676,13/03/2020,23654,Kimia Farma - Klinik-Apotek-Laboratorium,Bima,Nusa Tenggara Barat,"4,7",Christine Roberts,KF149,Antihistamines for systemic use,385300,"0,01","0,25",385300,96325,"3,5"
TRX8122678,04/11/2022,19867,Kimia Farma - Klinik & Apotek,Bima,Nusa Tenggara Barat,5,Wendy Hardin,KF149,Antihistamines for systemic use,385300,0,"0,25",385300,96325,"4,3"
TRX8997098,04/12/2021,46468,Kimia Farma - Apotek,Bima,Nusa Tenggara Barat,"4,7",Timothy Allen,KF149,Antihistamines for systemic use,385300,"0,09","0,25",385300,96325,"3,7"
TRX9643803,08/03/2022,58323,Kimia Farma - Klinik & Apotek,Bima,Nusa Tenggara Barat,4,Joseph Allen,KF149,Antihistamines for systemic use,385300,"0,09","0,25",385300,96325,5
TRX4962529,03/04/2021,23654,Kimia Farma - Klinik-Apotek-Laboratorium,Bima,Nusa Tenggara Barat,"4,7",Dustin Anderson,KF149,Antihistamines for systemic use,385300,"0,02","0,25",385300,96325,"3,4"
TRX1831593,20/06/2020,36121,Kimia Farma - Apotek,Bima,Nusa Tenggara Barat,"4,9",John Myers,KF149,Antihistamines for systemic use,385300,"0,14","0,25",385300,96325,"4,1"
TRX7450328,19/02/2023,85684,Kimia Farma - Klinik & Apotek,Bima,Nusa Tenggara Barat,"4,4",Eric Thompson,KF149,Antihistamines for systemic use,385300,"0,03","0,25",385300,96325,"4,8"
TRX8954279,06/07/2020,16331,Kimia Farma - Klinik & Apotek,Bima,Nusa Tenggara Barat,"4,5",Alan Peterson,KF149,Antihistamines for systemic use,385300,"0,13","0,25",385300,96325,"3,7"
TRX1492104,05/08/2020,37191,Kimia Farma - Apotek,Bima,Nusa Tenggara Barat,"3,9",Jasmine Welch,KF149,Antihistamines for systemic use,385300,"0,02","0,25",385300,96325,"3,7"
TRX2481081,16/09/2020,58323,Kimia Farma - Klinik & Apotek,Bima,Nusa Tenggara Barat,4,Dr. Dean Anderson,KF149,Antihistamines for systemic use,385300,"0,15","0,25",385300,96325,"3,5"
TRX8176354,09/03/2023,36121,Kimia Farma - Apotek,Bima,Nusa Tenggara Barat,"4,9",Jessica Carter,KF149,Antihistamines for systemic use,385300,"0,13","0,25",385300,96325,"4,6"
TRX2390380,03/09/2022,99064,Kimia Farma - Klinik-Apotek-Laboratorium,Bima,Nusa Tenggara Barat,"4,3",Joel Lane,KF149,Antihistamines for systemic use,385300,"0,11","0,25",385300,96325,"3,7"
TRX8913065,08/10/2020,99064,Kimia Farma - Klinik-Apotek-Laboratorium,Bima,Nusa Tenggara Barat,"4,3",Crystal Gray,KF149,Antihistamines for systemic use,385300,"0,03","0,25",385300,96325,"4,6"
TRX5504533,20/04/2023,53644,Kimia Farma - Klinik & Apotek,Bima,Nusa Tenggara Barat,"4,8",Jo Pollard,KF149,Antihistamines for systemic use,385300,"0,14","0,25",385300,96325,"4,3"
TRX8363141,16/12/2022,85684,Kimia Farma - Klinik & Apotek,Bima,Nusa Tenggara Barat,"4,4",Laura Vaughn,KF149,Antihistamines for systemic use,385300,"0,01","0,25",385300,96325,"3,5"
TRX2780322,13/08/2020,37191,Kimia Farma - Apotek,Bima,Nusa Tenggara Barat,"3,9",Donald Barnett,KF149,Antihistamines for systemic use,385300,"0,11","0,25",385300,96325,4
TRX1888541,19/09/2022,32325,Kimia Farma - Apotek,Bima,Nusa Tenggara Barat,"4,4",Timothy Martin,KF151,"Other analgesics and antipyretics, Pyrazolones and Anilides",723800,"0,1","0,3",723800,217140,"3,8"
TRX5741599,06/07/2022,35270,Kimia Farma - Klinik & Apotek,Bima,Nusa Tenggara Barat,5,Carl Meyer,KF151,"Other analgesics and antipyretics, Pyrazolones and Anilides",723800,"0,09","0,3",723800,217140,"4,6"
TRX4712412,28/07/2023,42584,Kimia Farma - Klinik & Apotek,Bima,Nusa Tenggara Barat,"4,2",Gregory Cuevas,KF151,"Other analgesics and antipyretics, Pyrazolones and Anilides",723800,"0,12","0,3",723800,217140,"3,2"
TRX2529266,21/11/2020,42584,Kimia Farma - Klinik & Apotek,Bima,Nusa Tenggara Barat,"4,2",Amy Rodriguez,KF151,"Other analgesics and antipyretics, Pyrazolones and Anilides",723800,"0,08","0,3",723800,217140,"3,7"
TRX7208945,13/05/2020,37191,Kimia Farma - Apotek,Bima,Nusa Tenggara Barat,"3,9",Austin Livingston,KF151,"Other analgesics and antipyretics, Pyrazolones and Anilides",723800,"0,13","0,3",723800,217140,"3,6"
TRX2819403,12/12/2021,85684,Kimia Farma - Klinik & Apotek,Bima,Nusa Tenggara Barat,"4,4",Todd Ortiz,KF151,"Other analgesics and antipyretics, Pyrazolones and Anilides",723800,"0,02","0,3",723800,217140,"4,9"
TRX4903808,14/02/2021,23654,Kimia Farma - Klinik-Apotek-Laboratorium,Bima,Nusa Tenggara Barat,"4,7",Joseph Franklin,KF151,"Other analgesics and antipyretics, Pyrazolones and Anilides",723800,"0,09","0,3",723800,217140,"3,7"
TRX7936268,24/07/2020,99064,Kimia Farma - Klinik-Apotek-Laboratorium,Bima,Nusa Tenggara Barat,"4,3",Alice Young,KF151,"Other analgesics and antipyretics, Pyrazolones and Anilides",723800,"0,04","0,3",723800,217140,"3,1"
TRX2725609,12/01/2020,83104,Kimia Farma - Klinik & Apotek,Bima,Nusa Tenggara Barat,5,Toni Brown,KF151,"Other analgesics and antipyretics, Pyrazolones and Anilides",723800,"0,04","0,3",723800,217140,"3,5"
TRX9187323,08/11/2020,19867,Kimia Farma - Klinik & Apotek,Bima,Nusa Tenggara Barat,5,Michelle Turner,KF151,"Other analgesics and antipyretics, Pyrazolones and Anilides",723800,"0,1","0,3",723800,217140,"3,8"
TRX9280086,02/03/2021,23248,Kimia Farma - Apotek,Bima,Nusa Tenggara Barat,"4,1",Allen Camacho,KF151,"Other analgesics and antipyretics, Pyrazolones and Anilides",723800,"0,08","0,3",723800,217140,4
TRX8298027,19/03/2023,32325,Kimia Farma - Apotek,Bima,Nusa Tenggara Barat,"4,4",Rose Cook,KF151,"Other analgesics and antipyretics, Pyrazolones and Anilides",723800,"0,02","0,3",723800,217140,"4,6"
TRX3119978,20/03/2021,19867,Kimia Farma - Klinik & Apotek,Bima,Nusa Tenggara Barat,5,Patrick Duncan,KF151,"Other analgesics and antipyretics, Pyrazolones and Anilides",723800,"0,06","0,3",723800,217140,4
TRX5206106,14/05/2021,32325,Kimia Farma - Apotek,Bima,Nusa Tenggara Barat,"4,4",Lauren Jefferson,KF151,"Other analgesics and antipyretics, Pyrazolones and Anilides",723800,"0,03","0,3",723800,217140,4
TRX5385006,03/03/2020,42584,Kimia Farma - Klinik & Apotek,Bima,Nusa Tenggara Barat,"4,2",Gregory Davidson,KF151,"Other analgesics and antipyretics, Pyrazolones and Anilides",723800,"0,06","0,3",723800,217140,"4,5"
TRX4782031,02/09/2023,23654,Kimia Farma - Klinik-Apotek-Laboratorium,Bima,Nusa Tenggara Barat,"4,7",Christopher Mendoza,KF151,"Other analgesics and antipyretics, Pyrazolones and Anilides",723800,"0,01","0,3",723800,217140,"4,3"
TRX1163880,09/10/2023,58323,Kimia Farma - Klinik & Apotek,Bima,Nusa Tenggara Barat,4,Rhonda Ibarra,KF151,"Other analgesics and antipyretics, Pyrazolones and Anilides",723800,"0,11","0,3",723800,217140,"4,6"
TRX8315207,09/09/2020,71085,Kimia Farma - Klinik & Apotek,Bima,Nusa Tenggara Barat,"4,6",Heather Watson,KF151,"Other analgesics and antipyretics, Pyrazolones and Anilides",723800,"0,02","0,3",723800,217140,"4,7"
TRX9944748,18/04/2022,32325,Kimia Farma - Apotek,Bima,Nusa Tenggara Barat,"4,4",Mrs. Cindy Strickland,KF151,"Other analgesics and antipyretics, Pyrazolones and Anilides",723800,"0,08","0,3",723800,217140,"4,8"
TRX3528265,25/02/2020,83104,Kimia Farma - Klinik & Apotek,Bima,Nusa Tenggara Barat,5,Tasha Smith,KF151,"Other analgesics and antipyretics, Pyrazolones and Anilides",723800,"0,11","0,3",723800,217140,"3,8"
TRX6480299,31/10/2020,16331,Kimia Farma - Klinik & Apotek,Bima,Nusa Tenggara Barat,"4,5",Tiffany King,KF151,"Other analgesics and antipyretics, Pyrazolones and Anilides",723800,"0,01","0,3",723800,217140,"4,9"
TRX1572526,18/05/2022,71085,Kimia Farma - Klinik & Apotek,Bima,Nusa Tenggara Barat,"4,6",Suzanne Brown,KF151,"Other analgesics and antipyretics, Pyrazolones and Anilides",723800,"0,01","0,3",723800,217140,"4,7"
TRX6446289,18/05/2022,42584,Kimia Farma - Klinik & Apotek,Bima,Nusa Tenggara Barat,"4,2",Shelly Lopez,KF151,"Other analgesics and antipyretics, Pyrazolones and Anilides",723800,"0,12","0,3",723800,217140,3
TRX6237636,01/08/2023,83104,Kimia Farma - Klinik & Apotek,Bima,Nusa Tenggara Barat,5,Jay Valenzuela DDS,KF151,"Other analgesics and antipyretics, Pyrazolones and Anilides",723800,"0,08","0,3",723800,217140,"3,8"
TRX5130203,30/01/2021,23248,Kimia Farma - Apotek,Bima,Nusa Tenggara Barat,"4,1",Megan Ray,KF151,"Other analgesics and antipyretics, Pyrazolones and Anilides",723800,"0,03","0,3",723800,217140,"3,9"
TRX9991781,24/02/2020,58623,Kimia Farma - Klinik-Apotek-Laboratorium,Bima,Nusa Tenggara Barat,"4,4",Jeffery Carey,KF151,"Other analgesics and antipyretics, Pyrazolones and Anilides",723800,"0,08","0,3",723800,217140,"4,3"
TRX9523894,07/03/2022,58623,Kimia Farma - Klinik-Apotek-Laboratorium,Bima,Nusa Tenggara Barat,"4,4",Marvin Higgins,KF151,"Other analgesics and antipyretics, Pyrazolones and Anilides",723800,"0,01","0,3",723800,217140,"4,8"
TRX9610090,25/01/2020,85684,Kimia Farma - Klinik & Apotek,Bima,Nusa Tenggara Barat,"4,4",Dr. Daisy Bryant,KF151,"Other analgesics and antipyretics, Pyrazolones and Anilides",723800,"0,01","0,3",723800,217140,"3,3"
TRX5710367,27/01/2020,16331,Kimia Farma - Klinik & Apotek,Bima,Nusa Tenggara Barat,"4,5",Julie Dean,KF151,"Other analgesics and antipyretics, Pyrazolones and Anilides",723800,"0,12","0,3",723800,217140,"3,5"
TRX7671646,26/07/2021,81810,Kimia Farma - Klinik & Apotek,Bima,Nusa Tenggara Barat,"4,4",Amy Romero,KF151,"Other analgesics and antipyretics, Pyrazolones and Anilides",723800,"0,03","0,3",723800,217140,"3,8"
TRX4358566,06/03/2022,42584,Kimia Farma - Klinik & Apotek,Bima,Nusa Tenggara Barat,"4,2",Brian Crosby,KF151,"Other analgesics and antipyretics, Pyrazolones and Anilides",723800,"0,04","0,3",723800,217140,"3,7"
TRX1090411,29/07/2021,19867,Kimia Farma - Klinik & Apotek,Bima,Nusa Tenggara Barat,5,Arthur Carey,KF151,"Other analgesics and antipyretics, Pyrazolones and Anilides",723800,"0,12","0,3",723800,217140,"3,1"
TRX7443179,18/11/2022,19867,Kimia Farma - Klinik & Apotek,Bima,Nusa Tenggara Barat,5,Herbert Gross,KF151,"Other analgesics and antipyretics, Pyrazolones and Anilides",723800,"0,08","0,3",723800,217140,5
TRX8742348,25/01/2022,42584,Kimia Farma - Klinik & Apotek,Bima,Nusa Tenggara Barat,"4,2",William Walker,KF151,"Other analgesics and antipyretics, Pyrazolones and Anilides",723800,"0,14","0,3",723800,217140,3
TRX9174086,26/10/2023,58323,Kimia Farma - Klinik & Apotek,Bima,Nusa Tenggara Barat,4,Jennifer Mckenzie,KF151,"Other analgesics and antipyretics, Pyrazolones and Anilides",723800,"0,05","0,3",723800,217140,"4,5"
TRX1160646,05/10/2022,42584,Kimia Farma - Klinik & Apotek,Bima,Nusa Tenggara Barat,"4,2",Dr. Jennifer Patterson MD,KF151,"Other analgesics and antipyretics, Pyrazolones and Anilides",723800,"0,14","0,3",723800,217140,"3,2"
TRX8819212,21/08/2020,36121,Kimia Farma - Apotek,Bima,Nusa Tenggara Barat,"4,9",Judith Young,KF151,"Other analgesics and antipyretics, Pyrazolones and Anilides",723800,"0,06","0,3",723800,217140,"3,6"
TRX4603829,09/06/2021,46468,Kimia Farma - Apotek,Bima,Nusa Tenggara Barat,"4,7",Timothy Hicks,KF151,"Other analgesics and antipyretics, Pyrazolones and Anilides",723800,"0,12","0,3",723800,217140,"4,8"
TRX8222907,07/05/2020,58623,Kimia Farma - Klinik-Apotek-Laboratorium,Bima,Nusa Tenggara Barat,"4,4",Ann Morales,KF151,"Other analgesics and antipyretics, Pyrazolones and Anilides",723800,"0,11","0,3",723800,217140,"4,4"
TRX7180522,04/02/2023,35270,Kimia Farma - Klinik & Apotek,Bima,Nusa Tenggara Barat,5,Meghan Chang,KF151,"Other analgesics and antipyretics, Pyrazolones and Anilides",723800,"0,07","0,3",723800,217140,"3,3"
TRX4789182,10/10/2023,99064,Kimia Farma - Klinik-Apotek-Laboratorium,Bima,Nusa Tenggara Barat,"4,3",Kara Holder,KF151,"Other analgesics and antipyretics, Pyrazolones and Anilides",723800,"0,12","0,3",723800,217140,"4,2"
TRX1526181,28/04/2021,42584,Kimia Farma - Klinik & Apotek,Bima,Nusa Tenggara Barat,"4,2",Denise Smith,KF151,"Other analgesics and antipyretics, Pyrazolones and Anilides",723800,"0,04","0,3",723800,217140,"3,6"
TRX2485688,16/02/2022,83104,Kimia Farma - Klinik & Apotek,Bima,Nusa Tenggara Barat,5,William Lynch,KF151,"Other analgesics and antipyretics, Pyrazolones and Anilides",723800,"0,07","0,3",723800,217140,"3,6"
TRX4279744,15/08/2020,85684,Kimia Farma - Klinik & Apotek,Bima,Nusa Tenggara Barat,"4,4",Maria Hart,KF151,"Other analgesics and antipyretics, Pyrazolones and Anilides",723800,"0,15","0,3",723800,217140,"4,4"
TRX2103992,16/05/2023,83104,Kimia Farma - Klinik & Apotek,Bima,Nusa Tenggara Barat,5,Jacob Duncan,KF151,"Other analgesics and antipyretics, Pyrazolones and Anilides",723800,"0,04","0,3",723800,217140,"3,8"
TRX3518597,10/02/2022,58323,Kimia Farma - Klinik & Apotek,Bima,Nusa Tenggara Barat,4,Julie Palmer,KF151,"Other analgesics and antipyretics, Pyrazolones and Anilides",723800,"0,04","0,3",723800,217140,"3,6"
TRX1272767,20/04/2022,64892,Kimia Farma - Klinik-Apotek-Laboratorium,Bima,Nusa Tenggara Barat,"4,9",Stephanie Kelly,KF151,"Other analgesics and antipyretics, Pyrazolones and Anilides",723800,"0,02","0,3",723800,217140,"4,2"
TRX1468022,09/09/2020,35270,Kimia Farma - Klinik & Apotek,Bima,Nusa Tenggara Barat,5,Kathleen Wall,KF151,"Other analgesics and antipyretics, Pyrazolones and Anilides",723800,"0,09","0,3",723800,217140,"4,4"
TRX6286565,05/01/2023,58323,Kimia Farma - Klinik & Apotek,Bima,Nusa Tenggara Barat,4,Lisa Ramirez,KF151,"Other analgesics and antipyretics, Pyrazolones and Anilides",723800,"0,05","0,3",723800,217140,"3,8"
TRX7165703,30/06/2020,58323,Kimia Farma - Klinik & Apotek,Bima,Nusa Tenggara Barat,4,Logan Rodriguez,KF152,Drugs for obstructive airway diseases,636200,"0,09","0,3",636200,190860,"4,1"
TRX5579090,29/01/2023,58323,Kimia Farma - Klinik & Apotek,Bima,Nusa Tenggara Barat,4,Joshua Kim,KF152,Drugs for obstructive airway diseases,636200,"0,13","0,3",636200,190860,"4,9"
TRX7904316,20/11/2020,99064,Kimia Farma - Klinik-Apotek-Laboratorium,Bima,Nusa Tenggara Barat,"4,3",Mr. Steven Barnett,KF152,Drugs for obstructive airway diseases,636200,"0,03","0,3",636200,190860,"3,4"
TRX8855116,26/04/2021,32325,Kimia Farma - Apotek,Bima,Nusa Tenggara Barat,"4,4",Kristen Horton,KF152,Drugs for obstructive airway diseases,636200,"0,04","0,3",636200,190860,"4,2"
TRX3965134,03/11/2023,58323,Kimia Farma - Klinik & Apotek,Bima,Nusa Tenggara Barat,4,Michelle Martinez,KF152,Drugs for obstructive airway diseases,636200,"0,08","0,3",636200,190860,"4,2"
TRX4682374,15/03/2021,19867,Kimia Farma - Klinik & Apotek,Bima,Nusa Tenggara Barat,5,Lindsey Suarez,KF152,Drugs for obstructive airway diseases,636200,"0,11","0,3",636200,190860,"4,5"
TRX5210801,02/09/2022,58323,Kimia Farma - Klinik & Apotek,Bima,Nusa Tenggara Barat,4,Mrs. Michele Friedman PhD,KF152,Drugs for obstructive airway diseases,636200,0,"0,3",636200,190860,"3,3"
TRX9219173,21/06/2020,35270,Kimia Farma - Klinik & Apotek,Bima,Nusa Tenggara Barat,5,Dana Brock,KF152,Drugs for obstructive airway diseases,636200,"0,01","0,3",636200,190860,"4,8"
TRX3543428,23/11/2021,62246,Kimia Farma - Klinik-Apotek-Laboratorium,Bima,Nusa Tenggara Barat,"4,5",Christopher Jones,KF152,Drugs for obstructive airway diseases,636200,"0,01","0,3",636200,190860,"3,8"
TRX1347379,29/08/2020,46468,Kimia Farma - Apotek,Bima,Nusa Tenggara Barat,"4,7",Crystal Martin,KF152,Drugs for obstructive airway diseases,636200,"0,08","0,3",636200,190860,"4,4"
TRX6372947,27/09/2023,19867,Kimia Farma - Klinik & Apotek,Bima,Nusa Tenggara Barat,5,Ruben Cook,KF152,Drugs for obstructive airway diseases,636200,"0,04","0,3",636200,190860,"3,8"
TRX3126864,11/07/2021,23248,Kimia Farma - Apotek,Bima,Nusa Tenggara Barat,"4,1",Timothy Dixon,KF152,Drugs for obstructive airway diseases,636200,"0,08","0,3",636200,190860,"4,3"
TRX3605489,16/05/2021,35270,Kimia Farma - Klinik & Apotek,Bima,Nusa Tenggara Barat,5,Jennifer Ortega,KF152,Drugs for obstructive airway diseases,636200,"0,07","0,3",636200,190860,4
TRX9345256,17/03/2020,32325,Kimia Farma - Apotek,Bima,Nusa Tenggara Barat,"4,4",Samuel Munoz,KF152,Drugs for obstructive airway diseases,636200,"0,03","0,3",636200,190860,"3,9"
TRX1995066,19/10/2020,58623,Kimia Farma - Klinik-Apotek-Laboratorium,Bima,Nusa Tenggara Barat,"4,4",Raymond Erickson,KF152,Drugs for obstructive airway diseases,636200,"0,04","0,3",636200,190860,"3,6"
TRX9869888,27/12/2023,71085,Kimia Farma - Klinik & Apotek,Bima,Nusa Tenggara Barat,"4,6",Zachary Wallace,KF152,Drugs for obstructive airway diseases,636200,0,"0,3",636200,190860,"3,1"
TRX8170659,03/10/2021,83104,Kimia Farma - Klinik & Apotek,Bima,Nusa Tenggara Barat,5,Laura Hunt,KF152,Drugs for obstructive airway diseases,636200,"0,01","0,3",636200,190860,"3,5"
TRX4666560,22/05/2023,42584,Kimia Farma - Klinik & Apotek,Bima,Nusa Tenggara Barat,"4,2",Phillip Johnson,KF152,Drugs for obstructive airway diseases,636200,"0,06","0,3",636200,190860,"3,7"
TRX7488706,05/01/2021,53644,Kimia Farma - Klinik & Apotek,Bima,Nusa Tenggara Barat,"4,8",Kristina Coleman,KF152,Drugs for obstructive airway diseases,636200,"0,03","0,3",636200,190860,"4,4"
TRX8379505,28/09/2022,81810,Kimia Farma - Klinik & Apotek,Bima,Nusa Tenggara Barat,"4,4",Kevin Larson,KF152,Drugs for obstructive airway diseases,636200,"0,06","0,3",636200,190860,"4,7"
TRX8617456,10/11/2021,62246,Kimia Farma - Klinik-Apotek-Laboratorium,Bima,Nusa Tenggara Barat,"4,5",Alex Stephens,KF152,Drugs for obstructive airway diseases,636200,"0,08","0,3",636200,190860,"4,6"
TRX8529361,19/05/2021,35270,Kimia Farma - Klinik & Apotek,Bima,Nusa Tenggara Barat,5,Jennifer Castaneda,KF152,Drugs for obstructive airway diseases,636200,"0,14","0,3",636200,190860,"4,1"
TRX3233925,30/11/2020,19867,Kimia Farma - Klinik & Apotek,Bima,Nusa Tenggara Barat,5,Miss Charlene Jackson,KF152,Drugs for obstructive airway diseases,636200,"0,13","0,3",636200,190860,"4,6"
TRX1635999,18/05/2020,64892,Kimia Farma - Klinik-Apotek-Laboratorium,Bima,Nusa Tenggara Barat,"4,9",Jasmine Pierce,KF152,Drugs for obstructive airway diseases,636200,"0,14","0,3",636200,190860,"4,8"
TRX4129412,19/12/2020,16331,Kimia Farma - Klinik & Apotek,Bima,Nusa Tenggara Barat,"4,5",Melanie Haney MD,KF152,Drugs for obstructive airway diseases,636200,"0,06","0,3",636200,190860,"3,8"
TRX4835153,12/02/2020,64892,Kimia Farma - Klinik-Apotek-Laboratorium,Bima,Nusa Tenggara Barat,"4,9",Matthew Roberts,KF152,Drugs for obstructive airway diseases,636200,"0,09","0,3",636200,190860,"4,6"
TRX8991038,14/01/2023,83104,Kimia Farma - Klinik & Apotek,Bima,Nusa Tenggara Barat,5,Jacob Pitts,KF152,Drugs for obstructive airway diseases,636200,"0,15","0,3",636200,190860,4
TRX1721421,07/03/2021,37191,Kimia Farma - Apotek,Bima,Nusa Tenggara Barat,"3,9",Jennifer Gray,KF152,Drugs for obstructive airway diseases,636200,"0,15","0,3",636200,190860,"3,3"
TRX1123047,13/07/2022,42584,Kimia Farma - Klinik & Apotek,Bima,Nusa Tenggara Barat,"4,2",Sue Page,KF152,Drugs for obstructive airway diseases,636200,"0,09","0,3",636200,190860,"3,1"
TRX3068762,06/02/2020,35270,Kimia Farma - Klinik & Apotek,Bima,Nusa Tenggara Barat,5,Kyle Rivera,KF152,Drugs for obstructive airway diseases,636200,"0,12","0,3",636200,190860,"3,6"
TRX3376999,03/07/2022,23654,Kimia Farma - Klinik-Apotek-Laboratorium,Bima,Nusa Tenggara Barat,"4,7",Ryan Thomas,KF152,Drugs for obstructive airway diseases,636200,"0,01","0,3",636200,190860,"3,2"
TRX7138473,28/12/2022,46468,Kimia Farma - Apotek,Bima,Nusa Tenggara Barat,"4,7",Taylor Bradley,KF152,Drugs for obstructive airway diseases,636200,"0,12","0,3",636200,190860,"3,9"
TRX4557638,24/08/2023,83104,Kimia Farma - Klinik & Apotek,Bima,Nusa Tenggara Barat,5,Kevin Smith,KF152,Drugs for obstructive airway diseases,636200,"0,1","0,3",636200,190860,"3,7"
TRX2051387,16/01/2023,19867,Kimia Farma - Klinik & Apotek,Bima,Nusa Tenggara Barat,5,Toni Taylor,KF152,Drugs for obstructive airway diseases,636200,"0,09","0,3",636200,190860,"3,4"
TRX9014155,04/01/2021,46468,Kimia Farma - Apotek,Bima,Nusa Tenggara Barat,"4,7",Jonathan Benjamin,KF152,Drugs for obstructive airway diseases,636200,"0,01","0,3",636200,190860,"3,3"
TRX5292302,05/07/2022,32325,Kimia Farma - Apotek,Bima,Nusa Tenggara Barat,"4,4",Michael White,KF152,Drugs for obstructive airway diseases,636200,"0,13","0,3",636200,190860,"4,7"
TRX7251358,19/01/2023,64892,Kimia Farma - Klinik-Apotek-Laboratorium,Bima,Nusa Tenggara Barat,"4,9",Andrew Vaughn,KF152,Drugs for obstructive airway diseases,636200,"0,11","0,3",636200,190860,"4,8"
TRX8403879,13/11/2022,36121,Kimia Farma - Apotek,Bima,Nusa Tenggara Barat,"4,9",Jessica Martinez,KF152,Drugs for obstructive airway diseases,636200,"0,04","0,3",636200,190860,"3,6"
TRX2335538,14/05/2022,81810,Kimia Farma - Klinik & Apotek,Bima,Nusa Tenggara Barat,"4,4",Jenna Williams,KF152,Drugs for obstructive airway diseases,636200,"0,14","0,3",636200,190860,"3,6"
TRX2552519,09/02/2020,32325,Kimia Farma - Apotek,Bima,Nusa Tenggara Barat,"4,4",Christian Bell,KF152,Drugs for obstructive airway diseases,636200,"0,08","0,3",636200,190860,"3,6"
TRX3295274,29/05/2020,23248,Kimia Farma - Apotek,Bima,Nusa Tenggara Barat,"4,1",Michael Tapia,KF152,Drugs for obstructive airway diseases,636200,"0,06","0,3",636200,190860,"3,4"
TRX5416999,19/03/2023,23248,Kimia Farma - Apotek,Bima,Nusa Tenggara Barat,"4,1",Laura Estrada,KF152,Drugs for obstructive airway diseases,636200,"0,08","0,3",636200,190860,"3,4"
TRX5235961,24/06/2023,42584,Kimia Farma - Klinik & Apotek,Bima,Nusa Tenggara Barat,"4,2",William Ballard,KF152,Drugs for obstructive airway diseases,636200,"0,1","0,3",636200,190860,"3,1"
TRX4224817,07/08/2023,62246,Kimia Farma - Klinik-Apotek-Laboratorium,Bima,Nusa Tenggara Barat,"4,5",Mary Jones,KF152,Drugs for obstructive airway diseases,636200,"0,12","0,3",636200,190860,"3,1"
TRX6517725,07/04/2023,32325,Kimia Farma - Apotek,Bima,Nusa Tenggara Barat,"4,4",Christy Weaver,KF152,Drugs for obstructive airway diseases,636200,"0,05","0,3",636200,190860,"4,9"
TRX9188609,01/10/2023,58323,Kimia Farma - Klinik & Apotek,Bima,Nusa Tenggara Barat,4,Cynthia Smith,KF152,Drugs for obstructive airway diseases,636200,"0,05","0,3",636200,190860,"4,7"
TRX3794104,16/11/2022,16331,Kimia Farma - Klinik & Apotek,Bima,Nusa Tenggara Barat,"4,5",Wyatt Bentley,KF152,Drugs for obstructive airway diseases,636200,"0,05","0,3",636200,190860,"4,4"
TRX6137309,08/07/2023,64892,Kimia Farma - Klinik-Apotek-Laboratorium,Bima,Nusa Tenggara Barat,"4,9",Mary Hayes,KF152,Drugs for obstructive airway diseases,636200,0,"0,3",636200,190860,"4,9"
TRX5745052,06/09/2023,64892,Kimia Farma - Klinik-Apotek-Laboratorium,Bima,Nusa Tenggara Barat,"4,9",Mark Green,KF152,Drugs for obstructive airway diseases,636200,"0,07","0,3",636200,190860,"4,2"
TRX6583236,18/09/2020,64892,Kimia Farma - Klinik-Apotek-Laboratorium,Bima,Nusa Tenggara Barat,"4,9",Lance Kennedy,KF157,"Psycholeptics drugs, Anxiolytic drugs",523100,"0,06","0,3",523100,156930,5
TRX5750596,30/01/2023,53644,Kimia Farma - Klinik & Apotek,Bima,Nusa Tenggara Barat,"4,8",Catherine Griffin,KF157,"Psycholeptics drugs, Anxiolytic drugs",523100,"0,1","0,3",523100,156930,5
TRX2280674,21/08/2020,81810,Kimia Farma - Klinik & Apotek,Bima,Nusa Tenggara Barat,"4,4",Nancy Smith,KF157,"Psycholeptics drugs, Anxiolytic drugs",523100,"0,09","0,3",523100,156930,"3,9"
TRX7288971,03/09/2022,46468,Kimia Farma - Apotek,Bima,Nusa Tenggara Barat,"4,7",Jacob Walton,KF157,"Psycholeptics drugs, Anxiolytic drugs",523100,"0,1","0,3",523100,156930,"4,3"
TRX4731287,24/10/2020,46468,Kimia Farma - Apotek,Bima,Nusa Tenggara Barat,"4,7",Charles Ferguson,KF157,"Psycholeptics drugs, Anxiolytic drugs",523100,"0,02","0,3",523100,156930,"3,8"
TRX9841627,16/06/2023,23654,Kimia Farma - Klinik-Apotek-Laboratorium,Bima,Nusa Tenggara Barat,"4,7",Andrew Foster,KF157,"Psycholeptics drugs, Anxiolytic drugs",523100,"0,07","0,3",523100,156930,"3,2"
TRX5284087,14/02/2021,83104,Kimia Farma - Klinik & Apotek,Bima,Nusa Tenggara Barat,5,Erica Bridges,KF157,"Psycholeptics drugs, Anxiolytic drugs",523100,"0,12","0,3",523100,156930,"4,7"
TRX7000470,06/11/2020,36121,Kimia Farma - Apotek,Bima,Nusa Tenggara Barat,"4,9",Jeremy Delacruz,KF157,"Psycholeptics drugs, Anxiolytic drugs",523100,"0,12","0,3",523100,156930,3
TRX4568573,06/10/2020,42584,Kimia Farma - Klinik & Apotek,Bima,Nusa Tenggara Barat,"4,2",Thomas Williams,KF157,"Psycholeptics drugs, Anxiolytic drugs",523100,"0,02","0,3",523100,156930,4
TRX6175148,22/10/2021,35270,Kimia Farma - Klinik & Apotek,Bima,Nusa Tenggara Barat,5,Nancy Sims,KF157,"Psycholeptics drugs, Anxiolytic drugs",523100,"0,12","0,3",523100,156930,"4,8"
TRX4850697,31/07/2021,85684,Kimia Farma - Klinik & Apotek,Bima,Nusa Tenggara Barat,"4,4",Ronald Valenzuela,KF157,"Psycholeptics drugs, Anxiolytic drugs",523100,"0,1","0,3",523100,156930,"4,8"
TRX4191484,08/03/2021,99064,Kimia Farma - Klinik-Apotek-Laboratorium,Bima,Nusa Tenggara Barat,"4,3",William Quinn,KF157,"Psycholeptics drugs, Anxiolytic drugs",523100,"0,12","0,3",523100,156930,"3,3"
TRX7838347,22/12/2021,46468,Kimia Farma - Apotek,Bima,Nusa Tenggara Barat,"4,7",Victoria Parker,KF157,"Psycholeptics drugs, Anxiolytic drugs",523100,"0,11","0,3",523100,156930,"3,7"
TRX8901790,20/05/2022,36121,Kimia Farma - Apotek,Bima,Nusa Tenggara Barat,"4,9",Patrick Warren,KF157,"Psycholeptics drugs, Anxiolytic drugs",523100,"0,06","0,3",523100,156930,"3,6"
TRX4335569,02/03/2021,16331,Kimia Farma - Klinik & Apotek,Bima,Nusa Tenggara Barat,"4,5",Timothy Edwards,KF157,"Psycholeptics drugs, Anxiolytic drugs",523100,"0,07","0,3",523100,156930,"4,4"
TRX5287274,20/08/2022,83104,Kimia Farma - Klinik & Apotek,Bima,Nusa Tenggara Barat,5,Nicole Martin,KF157,"Psycholeptics drugs, Anxiolytic drugs",523100,"0,15","0,3",523100,156930,"3,1"
TRX3723079,24/11/2021,62246,Kimia Farma - Klinik-Apotek-Laboratorium,Bima,Nusa Tenggara Barat,"4,5",Joshua Hunt,KF157,"Psycholeptics drugs, Anxiolytic drugs",523100,"0,04","0,3",523100,156930,4
TRX4572338,15/10/2021,83104,Kimia Farma - Klinik & Apotek,Bima,Nusa Tenggara Barat,5,Stephen Fletcher,KF157,"Psycholeptics drugs, Anxiolytic drugs",523100,"0,08","0,3",523100,156930,"3,9"
TRX5112261,27/02/2023,83104,Kimia Farma - Klinik & Apotek,Bima,Nusa Tenggara Barat,5,Danielle Barker,KF157,"Psycholeptics drugs, Anxiolytic drugs",523100,"0,1","0,3",523100,156930,"3,1"
TRX4587301,17/10/2023,71085,Kimia Farma - Klinik & Apotek,Bima,Nusa Tenggara Barat,"4,6",Rachel Gomez,KF157,"Psycholeptics drugs, Anxiolytic drugs",523100,"0,14","0,3",523100,156930,"3,1"
TRX6436109,10/10/2021,53644,Kimia Farma - Klinik & Apotek,Bima,Nusa Tenggara Barat,"4,8",Jimmy Garrison,KF157,"Psycholeptics drugs, Anxiolytic drugs",523100,"0,14","0,3",523100,156930,"4,8"
TRX7242728,30/05/2020,37191,Kimia Farma - Apotek,Bima,Nusa Tenggara Barat,"3,9",Robert Smith,KF157,"Psycholeptics drugs, Anxiolytic drugs",523100,"0,04","0,3",523100,156930,"4,6"
TRX3007184,06/11/2020,16331,Kimia Farma - Klinik & Apotek,Bima,Nusa Tenggara Barat,"4,5",Jennifer Goodman,KF157,"Psycholeptics drugs, Anxiolytic drugs",523100,"0,07","0,3",523100,156930,"3,6"
TRX6016637,30/03/2023,83104,Kimia Farma - Klinik & Apotek,Bima,Nusa Tenggara Barat,5,Patrick Little,KF157,"Psycholeptics drugs, Anxiolytic drugs",523100,"0,02","0,3",523100,156930,4
TRX8016251,28/02/2021,46468,Kimia Farma - Apotek,Bima,Nusa Tenggara Barat,"4,7",Cassidy Garner,KF157,"Psycholeptics drugs, Anxiolytic drugs",523100,"0,01","0,3",523100,156930,"4,7"
TRX6658825,10/08/2021,37191,Kimia Farma - Apotek,Bima,Nusa Tenggara Barat,"3,9",Maria Hernandez,KF157,"Psycholeptics drugs, Anxiolytic drugs",523100,"0,01","0,3",523100,156930,"3,3"
TRX3639497,13/06/2022,81810,Kimia Farma - Klinik & Apotek,Bima,Nusa Tenggara Barat,"4,4",James Williams,KF157,"Psycholeptics drugs, Anxiolytic drugs",523100,"0,13","0,3",523100,156930,"4,9"
TRX2502563,06/03/2023,81810,Kimia Farma - Klinik & Apotek,Bima,Nusa Tenggara Barat,"4,4",Ms. Kelly Mcneil,KF157,"Psycholeptics drugs, Anxiolytic drugs",523100,"0,02","0,3",523100,156930,"4,2"
TRX6341694,01/02/2023,53644,Kimia Farma - Klinik & Apotek,Bima,Nusa Tenggara Barat,"4,8",James Myers,KF157,"Psycholeptics drugs, Anxiolytic drugs",523100,"0,04","0,3",523100,156930,"4,8"
TRX6273562,28/02/2023,35270,Kimia Farma - Klinik & Apotek,Bima,Nusa Tenggara Barat,5,Andrea Hill,KF157,"Psycholeptics drugs, Anxiolytic drugs",523100,"0,11","0,3",523100,156930,"4,5"
TRX9988907,24/01/2021,58323,Kimia Farma - Klinik & Apotek,Bima,Nusa Tenggara Barat,4,Caitlin Henderson,KF157,"Psycholeptics drugs, Anxiolytic drugs",523100,"0,02","0,3",523100,156930,"3,5"
TRX6149645,18/07/2022,62246,Kimia Farma - Klinik-Apotek-Laboratorium,Bima,Nusa Tenggara Barat,"4,5",Marcus Wong,KF157,"Psycholeptics drugs, Anxiolytic drugs",523100,"0,01","0,3",523100,156930,"4,8"
TRX3016602,28/05/2023,83104,Kimia Farma - Klinik & Apotek,Bima,Nusa Tenggara Barat,5,Steven Cantu,KF157,"Psycholeptics drugs, Anxiolytic drugs",523100,"0,05","0,3",523100,156930,"4,3"
TRX4071062,11/04/2020,16331,Kimia Farma - Klinik & Apotek,Bima,Nusa Tenggara Barat,"4,5",Peter Pace,KF157,"Psycholeptics drugs, Anxiolytic drugs",523100,"0,14","0,3",523100,156930,"4,3"
TRX2000010,05/01/2020,62246,Kimia Farma - Klinik-Apotek-Laboratorium,Bima,Nusa Tenggara Barat,"4,5",Kelly Romero,KF157,"Psycholeptics drugs, Anxiolytic drugs",523100,"0,04","0,3",523100,156930,"3,1"
TRX2343340,19/06/2020,83104,Kimia Farma - Klinik & Apotek,Bima,Nusa Tenggara Barat,5,Brent Wilson,KF157,"Psycholeptics drugs, Anxiolytic drugs",523100,"0,06","0,3",523100,156930,"4,8"
TRX7849761,09/09/2020,16331,Kimia Farma - Klinik & Apotek,Bima,Nusa Tenggara Barat,"4,5",Raymond Young,KF157,"Psycholeptics drugs, Anxiolytic drugs",523100,"0,03","0,3",523100,156930,"3,2"